Player ID,Game Date,Team,Opponent,At Bats,Hits,Total Bases,5-Game AVG,7-Day TB,Risk-Adj TB,Back-to-Back Game,Risk Score
472610,2025-03-19,Los Angeles Dodgers,Chicago Cubs,5,2,2,0.4,2.0,,False,0
472610,2025-03-28,Los Angeles Dodgers,Detroit Tigers,4,1,3,0.3333333333333333,5.0,,False,0
472610,2025-03-29,Los Angeles Dodgers,Detroit Tigers,7,2,4,0.3125,9.0,0.0,True,1
472610,2025-03-31,Los Angeles Dodgers,Atlanta Braves,4,1,1,0.3,10.0,0.0,False,0
472610,2025-04-04,Los Angeles Dodgers,Philadelphia Phillies,4,0,0,0.25,10.0,,False,0
472610,2025-04-06,Los Angeles Dodgers,Philadelphia Phillies,2,0,0,0.19047619047619047,10.0,,False,1
472610,2025-04-08,Los Angeles Dodgers,Washington Nationals,4,1,1,0.19047619047619047,11.0,0.0,False,1
472610,2025-04-12,Los Angeles Dodgers,Chicago Cubs,4,3,7,0.2777777777777778,16.0,0.0,False,0
472610,2025-04-15,Los Angeles Dodgers,Colorado Rockies,3,0,0,0.23529411764705882,13.0,,False,0
472610,2025-04-20,Los Angeles Dodgers,Texas Rangers,2,0,0,0.26666666666666666,9.0,,False,0
472610,2025-04-22,Los Angeles Dodgers,Chicago Cubs,4,1,2,0.29411764705882354,10.0,0.0,False,0
472610,2025-04-23,Los Angeles Dodgers,Chicago Cubs,3,1,1,0.3125,11.0,0.0,True,1
472610,2025-04-25,Los Angeles Dodgers,Pittsburgh Pirates,3,0,0,0.13333333333333333,11.0,,False,1
472610,2025-04-27,Los Angeles Dodgers,Pittsburgh Pirates,2,0,0,0.14285714285714285,10.0,,False,1
472610,2025-04-29,Los Angeles Dodgers,Miami Marlins,3,0,0,0.13333333333333333,3.0,,False,1
472610,2025-05-03,Los Angeles Dodgers,Atlanta Braves,5,2,2,0.1875,5.0,0.0,False,1
472610,2025-05-04,Los Angeles Dodgers,Atlanta Braves,3,1,1,0.1875,6.0,0.0,True,2
472610,2025-05-06,Los Angeles Dodgers,Miami Marlins,5,3,5,0.3333333333333333,9.0,0.0,False,0
472610,2025-05-09,Los Angeles Dodgers,Arizona Diamondbacks,5,1,1,0.3333333333333333,9.0,0.0,False,0
472610,2025-05-13,Los Angeles Dodgers,Athletics,3,2,3,0.42857142857142855,12.0,0.0,False,0
489446,2025-03-19,Los Angeles Dodgers,Chicago Cubs,4,1,1,0.25,1.0,,False,0
489446,2025-03-28,Los Angeles Dodgers,Detroit Tigers,3,0,0,0.14285714285714285,1.0,,False,1
489446,2025-03-29,Los Angeles Dodgers,Detroit Tigers,3,0,0,0.1,1.0,,True,2
489446,2025-04-02,Los Angeles Dodgers,Atlanta Braves,4,1,1,0.14285714285714285,2.0,0.0,False,1
489446,2025-04-04,Los Angeles Dodgers,Philadelphia Phillies,4,2,3,0.2222222222222222,5.0,0.0,False,0
489446,2025-04-06,Los Angeles Dodgers,Philadelphia Phillies,2,0,0,0.1875,5.0,,False,1
489446,2025-04-09,Los Angeles Dodgers,Washington Nationals,3,0,0,0.1875,5.0,,False,1
489446,2025-04-11,Los Angeles Dodgers,Chicago Cubs,3,0,0,0.1875,4.0,,False,1
489446,2025-04-14,Los Angeles Dodgers,Colorado Rockies,3,1,2,0.2,6.0,0.0,False,0
489446,2025-04-15,Los Angeles Dodgers,Colorado Rockies,4,1,2,0.13333333333333333,8.0,0.0,True,2
489446,2025-04-18,Los Angeles Dodgers,Texas Rangers,3,0,0,0.125,7.0,,False,1
489446,2025-04-19,Los Angeles Dodgers,Texas Rangers,2,2,6,0.26666666666666666,10.0,0.0,True,1
489446,2025-04-22,Los Angeles Dodgers,Chicago Cubs,1,0,0,0.3076923076923077,10.0,,False,0
489446,2025-04-23,Los Angeles Dodgers,Chicago Cubs,3,0,0,0.23076923076923078,10.0,,True,1
489446,2025-04-26,Los Angeles Dodgers,Pittsburgh Pirates,4,1,2,0.23076923076923078,12.0,0.0,False,0
489446,2025-04-28,Los Angeles Dodgers,Miami Marlins,4,1,2,0.2857142857142857,12.0,0.0,False,0
489446,2025-05-02,Los Angeles Dodgers,Atlanta Braves,4,1,4,0.1875,14.0,0.0,False,1
489446,2025-05-03,Los Angeles Dodgers,Atlanta Braves,3,1,2,0.2222222222222222,16.0,0.0,True,1
489446,2025-05-05,Los Angeles Dodgers,Miami Marlins,3,0,0,0.2222222222222222,10.0,,False,0
489446,2025-05-10,Los Angeles Dodgers,Arizona Diamondbacks,5,2,4,0.2631578947368421,14.0,0.0,False,0
489446,2025-05-14,Los Angeles Dodgers,Athletics,4,1,2,0.2631578947368421,16.0,0.0,False,0
500743,2025-03-18,Los Angeles Dodgers,Chicago Cubs,4,1,1,0.25,1.0,,False,0
500743,2025-03-19,Los Angeles Dodgers,Chicago Cubs,3,0,0,0.14285714285714285,1.0,,True,2
500743,2025-03-27,Los Angeles Dodgers,Detroit Tigers,3,0,0,0.1,1.0,,False,1
500743,2025-03-29,Los Angeles Dodgers,Detroit Tigers,3,0,0,0.07692307692307693,1.0,,False,1
500743,2025-04-01,Los Angeles Dodgers,Atlanta Braves,3,0,0,0.0625,1.0,,False,1
500743,2025-04-04,Los Angeles Dodgers,Philadelphia Phillies,3,1,1,0.06666666666666667,2.0,0.0,False,1
500743,2025-04-07,Los Angeles Dodgers,Washington Nationals,3,0,0,0.06666666666666667,2.0,,False,1
500743,2025-04-08,Los Angeles Dodgers,Washington Nationals,2,1,1,0.14285714285714285,2.0,0.0,True,2
500743,2025-04-11,Los Angeles Dodgers,Chicago Cubs,3,2,2,0.2857142857142857,4.0,0.0,False,0
500743,2025-04-12,Los Angeles Dodgers,Chicago Cubs,1,0,0,0.3333333333333333,4.0,,True,1
500743,2025-04-13,Los Angeles Dodgers,Chicago Cubs,3,0,0,0.25,4.0,,True,1
500743,2025-04-20,Los Angeles Dodgers,Texas Rangers,3,0,0,0.25,4.0,,False,0
500743,2025-04-23,Los Angeles Dodgers,Chicago Cubs,3,1,1,0.23076923076923078,4.0,0.0,False,0
500743,2025-04-27,Los Angeles Dodgers,Pittsburgh Pirates,1,1,1,0.18181818181818182,5.0,0.0,False,1
500743,2025-04-28,Los Angeles Dodgers,Miami Marlins,3,3,4,0.38461538461538464,8.0,0.0,True,1
500743,2025-04-29,Los Angeles Dodgers,Miami Marlins,2,1,1,0.5,7.0,0.0,True,1
500743,2025-04-30,Los Angeles Dodgers,Miami Marlins,1,1,2,0.7,9.0,0.0,True,1
500743,2025-05-02,Los Angeles Dodgers,Atlanta Braves,3,0,0,0.6,9.0,,False,0
500743,2025-05-04,Los Angeles Dodgers,Atlanta Braves,2,1,4,0.5454545454545454,13.0,0.0,False,0
500743,2025-05-06,Los Angeles Dodgers,Miami Marlins,3,0,0,0.2727272727272727,12.0,,False,0
500743,2025-05-07,Los Angeles Dodgers,Miami Marlins,0,0,0,0.2222222222222222,11.0,,True,1
500743,2025-05-09,Los Angeles Dodgers,Arizona Diamondbacks,2,1,1,0.2,8.0,0.0,False,0
500743,2025-05-11,Los Angeles Dodgers,Arizona Diamondbacks,2,1,1,0.3333333333333333,8.0,0.0,False,0
500743,2025-05-13,Los Angeles Dodgers,Athletics,4,0,0,0.18181818181818182,6.0,,False,1
500743,2025-05-14,Los Angeles Dodgers,Athletics,1,1,2,0.3333333333333333,8.0,0.0,True,1
500743,2025-05-15,Los Angeles Dodgers,Athletics,3,1,1,0.3333333333333333,5.0,0.0,True,1
518692,2025-03-27,Los Angeles Dodgers,Detroit Tigers,4,0,0,0.0,0.0,,False,1
518692,2025-03-28,Los Angeles Dodgers,Detroit Tigers,4,1,4,0.125,4.0,,True,2
518692,2025-03-29,Los Angeles Dodgers,Detroit Tigers,4,2,6,0.25,10.0,0.0,True,1
518692,2025-04-11,Los Angeles Dodgers,Chicago Cubs,3,0,0,0.2,10.0,,False,0
518692,2025-04-12,Los Angeles Dodgers,Chicago Cubs,3,1,1,0.2222222222222222,11.0,0.0,True,1
518692,2025-04-13,Los Angeles Dodgers,Chicago Cubs,1,0,0,0.26666666666666666,11.0,,True,1
518692,2025-04-14,Los Angeles Dodgers,Colorado Rockies,5,2,3,0.3125,14.0,0.0,True,1
518692,2025-04-15,Los Angeles Dodgers,Colorado Rockies,3,2,2,0.3333333333333333,16.0,0.0,True,1
518692,2025-04-16,Los Angeles Dodgers,Colorado Rockies,3,2,6,0.4666666666666667,18.0,0.0,True,1
518692,2025-04-18,Los Angeles Dodgers,Texas Rangers,3,0,0,0.4,12.0,,False,0
518692,2025-04-19,Los Angeles Dodgers,Texas Rangers,4,1,4,0.3888888888888889,16.0,0.0,True,1
518692,2025-04-20,Los Angeles Dodgers,Texas Rangers,2,0,0,0.3333333333333333,15.0,,True,1
518692,2025-04-22,Los Angeles Dodgers,Chicago Cubs,5,1,2,0.23529411764705882,17.0,0.0,False,0
518692,2025-04-23,Los Angeles Dodgers,Chicago Cubs,4,0,0,0.1111111111111111,14.0,,True,2
518692,2025-04-25,Los Angeles Dodgers,Pittsburgh Pirates,4,2,3,0.21052631578947367,15.0,0.0,False,0
518692,2025-04-26,Los Angeles Dodgers,Pittsburgh Pirates,4,1,1,0.21052631578947367,10.0,0.0,True,1
518692,2025-04-27,Los Angeles Dodgers,Pittsburgh Pirates,4,2,2,0.2857142857142857,12.0,0.0,True,1
518692,2025-04-28,Los Angeles Dodgers,Miami Marlins,3,1,1,0.3157894736842105,9.0,0.0,True,1
518692,2025-04-29,Los Angeles Dodgers,Miami Marlins,2,2,4,0.47058823529411764,13.0,0.0,True,1
518692,2025-04-30,Los Angeles Dodgers,Miami Marlins,4,2,5,0.47058823529411764,16.0,0.0,True,1
518692,2025-05-02,Los Angeles Dodgers,Atlanta Braves,3,1,1,0.5,17.0,0.0,False,0
518692,2025-05-03,Los Angeles Dodgers,Atlanta Braves,5,3,6,0.5294117647058824,20.0,0.0,True,1
518692,2025-05-04,Los Angeles Dodgers,Atlanta Braves,4,1,1,0.5,20.0,0.0,True,1
518692,2025-05-05,Los Angeles Dodgers,Miami Marlins,5,2,5,0.42857142857142855,23.0,0.0,True,2
518692,2025-05-06,Los Angeles Dodgers,Miami Marlins,4,2,5,0.42857142857142855,27.0,0.0,True,2
518692,2025-05-07,Los Angeles Dodgers,Miami Marlins,4,3,5,0.5,28.0,0.0,True,2
518692,2025-05-08,Los Angeles Dodgers,Arizona Diamondbacks,3,1,1,0.45,24.0,0.0,True,2
518692,2025-05-09,Los Angeles Dodgers,Arizona Diamondbacks,4,2,3,0.5,26.0,0.0,True,2
518692,2025-05-10,Los Angeles Dodgers,Arizona Diamondbacks,4,0,0,0.42105263157894735,20.0,,True,1
518692,2025-05-11,Los Angeles Dodgers,Arizona Diamondbacks,4,4,9,0.5263157894736842,28.0,0.0,True,2
518692,2025-05-13,Los Angeles Dodgers,Athletics,3,0,0,0.3888888888888889,23.0,,False,1
518692,2025-05-14,Los Angeles Dodgers,Athletics,4,1,1,0.3684210526315789,19.0,0.0,True,1
518692,2025-05-15,Los Angeles Dodgers,Athletics,3,2,2,0.3888888888888889,16.0,0.0,True,1
571771,2025-03-18,Los Angeles Dodgers,Chicago Cubs,5,0,0,0.0,0.0,,False,1
571771,2025-03-19,Los Angeles Dodgers,Chicago Cubs,3,1,4,0.125,4.0,,True,2
571771,2025-03-31,Los Angeles Dodgers,Atlanta Braves,4,1,4,0.16666666666666666,8.0,0.0,False,1
571771,2025-04-01,Los Angeles Dodgers,Atlanta Braves,3,0,0,0.13333333333333333,8.0,,True,2
571771,2025-04-02,Los Angeles Dodgers,Atlanta Braves,4,0,0,0.10526315789473684,8.0,,True,2
571771,2025-04-04,Los Angeles Dodgers,Philadelphia Phillies,3,0,0,0.11764705882352941,8.0,,False,1
571771,2025-04-05,Los Angeles Dodgers,Philadelphia Phillies,4,1,4,0.1111111111111111,12.0,0.0,True,2
571771,2025-04-06,Los Angeles Dodgers,Philadelphia Phillies,3,0,0,0.058823529411764705,12.0,,True,2
571771,2025-04-07,Los Angeles Dodgers,Washington Nationals,4,0,0,0.05555555555555555,8.0,,True,2
571771,2025-04-08,Los Angeles Dodgers,Washington Nationals,3,1,4,0.11764705882352941,8.0,0.0,True,2
571771,2025-04-09,Los Angeles Dodgers,Washington Nationals,3,0,0,0.11764705882352941,8.0,,True,2
571771,2025-04-12,Los Angeles Dodgers,Chicago Cubs,1,0,0,0.07142857142857142,8.0,,False,1
571771,2025-04-13,Los Angeles Dodgers,Chicago Cubs,4,1,1,0.13333333333333333,9.0,0.0,True,2
571771,2025-04-14,Los Angeles Dodgers,Colorado Rockies,4,1,1,0.2,6.0,0.0,True,1
571771,2025-04-15,Los Angeles Dodgers,Colorado Rockies,0,0,0,0.16666666666666666,6.0,,True,2
571771,2025-04-18,Los Angeles Dodgers,Texas Rangers,1,0,0,0.2,6.0,,False,0
571771,2025-04-19,Los Angeles Dodgers,Texas Rangers,1,1,2,0.3,4.0,0.0,True,1
571771,2025-04-22,Los Angeles Dodgers,Chicago Cubs,4,0,0,0.2,4.0,,False,0
571771,2025-04-26,Los Angeles Dodgers,Pittsburgh Pirates,1,1,4,0.2857142857142857,8.0,0.0,False,0
571771,2025-04-27,Los Angeles Dodgers,Pittsburgh Pirates,3,1,1,0.3,8.0,0.0,True,1
571771,2025-04-28,Los Angeles Dodgers,Miami Marlins,0,0,0,0.3333333333333333,7.0,,True,1
571771,2025-04-29,Los Angeles Dodgers,Miami Marlins,1,1,1,0.3333333333333333,8.0,0.0,True,1
571771,2025-04-30,Los Angeles Dodgers,Miami Marlins,5,2,2,0.5,10.0,0.0,True,1
571771,2025-05-03,Los Angeles Dodgers,Atlanta Braves,0,0,0,0.4444444444444444,8.0,,False,0
571771,2025-05-04,Los Angeles Dodgers,Atlanta Braves,3,0,0,0.3333333333333333,8.0,,True,1
571771,2025-05-05,Los Angeles Dodgers,Miami Marlins,0,0,0,0.3333333333333333,4.0,,True,1
571771,2025-05-06,Los Angeles Dodgers,Miami Marlins,0,0,0,0.25,3.0,,True,1
571771,2025-05-07,Los Angeles Dodgers,Miami Marlins,5,2,2,0.25,5.0,0.0,True,1
571771,2025-05-08,Los Angeles Dodgers,Arizona Diamondbacks,2,0,0,0.2,4.0,,True,1
571771,2025-05-09,Los Angeles Dodgers,Arizona Diamondbacks,5,3,7,0.4166666666666667,9.0,0.0,True,1
571771,2025-05-10,Los Angeles Dodgers,Arizona Diamondbacks,3,0,0,0.3333333333333333,9.0,,True,1
571771,2025-05-11,Los Angeles Dodgers,Arizona Diamondbacks,2,1,1,0.35294117647058826,10.0,0.0,True,1
571771,2025-05-13,Los Angeles Dodgers,Athletics,4,1,1,0.3125,11.0,0.0,False,0
571771,2025-05-14,Los Angeles Dodgers,Athletics,2,1,1,0.375,12.0,0.0,True,1
571771,2025-05-15,Los Angeles Dodgers,Athletics,2,0,0,0.23076923076923078,10.0,,True,1
571970,2025-03-18,Los Angeles Dodgers,Chicago Cubs,3,0,0,0.0,0.0,,False,1
571970,2025-03-19,Los Angeles Dodgers,Chicago Cubs,4,1,2,0.14285714285714285,2.0,,True,2
571970,2025-03-27,Los Angeles Dodgers,Detroit Tigers,3,0,0,0.1,2.0,,False,1
571970,2025-03-28,Los Angeles Dodgers,Detroit Tigers,4,0,0,0.07142857142857142,2.0,,True,2
571970,2025-03-29,Los Angeles Dodgers,Detroit Tigers,4,0,0,0.05555555555555555,2.0,,True,2
571970,2025-03-31,Los Angeles Dodgers,Atlanta Braves,3,1,1,0.1111111111111111,3.0,0.0,False,1
571970,2025-04-02,Los Angeles Dodgers,Atlanta Braves,4,1,2,0.1111111111111111,5.0,0.0,False,1
571970,2025-04-04,Los Angeles Dodgers,Philadelphia Phillies,1,0,0,0.125,5.0,,False,1
571970,2025-04-05,Los Angeles Dodgers,Philadelphia Phillies,4,3,4,0.3125,7.0,0.0,True,1
571970,2025-04-06,Los Angeles Dodgers,Philadelphia Phillies,4,0,0,0.3125,7.0,,True,1
571970,2025-04-07,Los Angeles Dodgers,Washington Nationals,4,1,2,0.29411764705882354,9.0,0.0,True,1
571970,2025-04-08,Los Angeles Dodgers,Washington Nationals,4,1,1,0.29411764705882354,10.0,0.0,True,1
571970,2025-04-09,Los Angeles Dodgers,Washington Nationals,4,0,0,0.25,9.0,,True,1
571970,2025-04-12,Los Angeles Dodgers,Chicago Cubs,3,1,1,0.15789473684210525,8.0,0.0,False,1
571970,2025-04-13,Los Angeles Dodgers,Chicago Cubs,2,0,0,0.17647058823529413,8.0,,True,2
571970,2025-04-14,Los Angeles Dodgers,Colorado Rockies,1,0,0,0.14285714285714285,4.0,,True,2
571970,2025-04-15,Los Angeles Dodgers,Colorado Rockies,2,0,0,0.08333333333333333,4.0,,True,2
571970,2025-04-16,Los Angeles Dodgers,Colorado Rockies,3,2,2,0.2727272727272727,4.0,0.0,True,1
571970,2025-04-18,Los Angeles Dodgers,Texas Rangers,4,1,1,0.25,4.0,0.0,False,0
571970,2025-04-19,Los Angeles Dodgers,Texas Rangers,3,1,2,0.3076923076923077,6.0,0.0,True,1
571970,2025-04-20,Los Angeles Dodgers,Texas Rangers,4,0,0,0.25,5.0,,True,1
571970,2025-04-22,Los Angeles Dodgers,Chicago Cubs,4,0,0,0.2222222222222222,5.0,,False,0
571970,2025-04-23,Los Angeles Dodgers,Chicago Cubs,1,0,0,0.125,5.0,,True,2
571970,2025-04-25,Los Angeles Dodgers,Pittsburgh Pirates,3,0,0,0.06666666666666667,5.0,,False,1
571970,2025-04-26,Los Angeles Dodgers,Pittsburgh Pirates,2,0,0,0.0,3.0,,True,2
571970,2025-04-27,Los Angeles Dodgers,Pittsburgh Pirates,3,1,1,0.07692307692307693,3.0,0.0,True,2
571970,2025-04-28,Los Angeles Dodgers,Miami Marlins,4,2,2,0.23076923076923078,3.0,0.0,True,1
571970,2025-04-29,Los Angeles Dodgers,Miami Marlins,4,0,0,0.1875,3.0,,True,2
571970,2025-04-30,Los Angeles Dodgers,Miami Marlins,4,2,7,0.29411764705882354,10.0,0.0,True,1
571970,2025-05-02,Los Angeles Dodgers,Atlanta Braves,3,0,0,0.2777777777777778,10.0,,False,0
571970,2025-05-03,Los Angeles Dodgers,Atlanta Braves,2,0,0,0.23529411764705882,10.0,,True,1
571970,2025-05-04,Los Angeles Dodgers,Atlanta Braves,4,1,2,0.17647058823529413,12.0,0.0,True,2
571970,2025-05-05,Los Angeles Dodgers,Miami Marlins,4,0,0,0.17647058823529413,11.0,,True,2
571970,2025-05-06,Los Angeles Dodgers,Miami Marlins,2,0,0,0.06666666666666667,9.0,,True,2
571970,2025-05-07,Los Angeles Dodgers,Miami Marlins,5,1,1,0.11764705882352941,10.0,0.0,True,2
571970,2025-05-08,Los Angeles Dodgers,Arizona Diamondbacks,4,2,3,0.21052631578947367,6.0,0.0,True,1
571970,2025-05-09,Los Angeles Dodgers,Arizona Diamondbacks,2,1,1,0.23529411764705882,7.0,0.0,True,1
571970,2025-05-10,Los Angeles Dodgers,Arizona Diamondbacks,3,1,1,0.3125,8.0,0.0,True,1
571970,2025-05-11,Los Angeles Dodgers,Arizona Diamondbacks,4,0,0,0.2777777777777778,6.0,,True,1
571970,2025-05-14,Los Angeles Dodgers,Athletics,5,1,4,0.2777777777777778,10.0,0.0,False,0
571970,2025-05-15,Los Angeles Dodgers,Athletics,4,3,6,0.3333333333333333,16.0,0.0,True,1
595014,2025-03-18,Los Angeles Dodgers,Chicago Cubs,3,0,0,0.0,0.0,,False,1
595014,2025-03-27,Los Angeles Dodgers,Detroit Tigers,4,1,1,0.14285714285714285,1.0,,False,1
595014,2025-03-29,Los Angeles Dodgers,Detroit Tigers,4,1,1,0.18181818181818182,2.0,0.0,False,1
595014,2025-04-01,Los Angeles Dodgers,Atlanta Braves,4,1,1,0.2,3.0,0.0,False,0
595014,2025-04-06,Los Angeles Dodgers,Philadelphia Phillies,5,2,3,0.25,6.0,0.0,False,0
595014,2025-04-09,Los Angeles Dodgers,Washington Nationals,4,1,1,0.2857142857142857,7.0,0.0,False,0
595014,2025-04-11,Los Angeles Dodgers,Chicago Cubs,3,0,0,0.25,7.0,,False,0
595014,2025-04-13,Los Angeles Dodgers,Chicago Cubs,5,2,5,0.2857142857142857,12.0,0.0,False,0
605131,2025-03-28,Los Angeles Dodgers,Detroit Tigers,3,0,0,0.0,0.0,,False,1
605131,2025-04-05,Los Angeles Dodgers,Philadelphia Phillies,3,0,0,0.0,0.0,,False,1
605131,2025-04-08,Los Angeles Dodgers,Washington Nationals,4,0,0,0.0,0.0,,False,1
605131,2025-04-12,Los Angeles Dodgers,Chicago Cubs,3,0,0,0.0,0.0,,False,1
605131,2025-04-16,Los Angeles Dodgers,Colorado Rockies,4,1,2,0.058823529411764705,2.0,0.0,False,1
605131,2025-04-20,Los Angeles Dodgers,Texas Rangers,2,1,1,0.125,3.0,0.0,False,1
605131,2025-04-23,Los Angeles Dodgers,Chicago Cubs,4,2,3,0.23529411764705882,6.0,0.0,False,0
605131,2025-04-27,Los Angeles Dodgers,Pittsburgh Pirates,3,0,0,0.25,6.0,,False,0
605131,2025-04-29,Los Angeles Dodgers,Miami Marlins,1,1,1,0.35714285714285715,7.0,0.0,False,0
605131,2025-04-30,Los Angeles Dodgers,Miami Marlins,5,3,3,0.4666666666666667,10.0,0.0,True,1
605131,2025-05-04,Los Angeles Dodgers,Atlanta Braves,4,1,2,0.4117647058823529,12.0,0.0,False,0
605131,2025-05-07,Los Angeles Dodgers,Miami Marlins,4,0,0,0.29411764705882354,10.0,,False,0
605131,2025-05-10,Los Angeles Dodgers,Arizona Diamondbacks,2,0,0,0.3125,9.0,,False,0
605141,2025-03-27,Los Angeles Dodgers,Detroit Tigers,3,1,1,0.3333333333333333,1.0,,False,0
605141,2025-03-28,Los Angeles Dodgers,Detroit Tigers,5,3,9,0.5,10.0,,True,1
605141,2025-03-31,Los Angeles Dodgers,Atlanta Braves,5,1,1,0.38461538461538464,11.0,0.0,False,0
605141,2025-04-01,Los Angeles Dodgers,Atlanta Braves,3,1,4,0.375,15.0,0.0,True,1
605141,2025-04-02,Los Angeles Dodgers,Atlanta Braves,4,0,0,0.3,15.0,,True,1
605141,2025-04-04,Los Angeles Dodgers,Philadelphia Phillies,3,0,0,0.25,15.0,,False,0
605141,2025-04-05,Los Angeles Dodgers,Philadelphia Phillies,4,2,2,0.21052631578947367,17.0,0.0,True,1
605141,2025-04-06,Los Angeles Dodgers,Philadelphia Phillies,5,2,3,0.2631578947368421,19.0,0.0,True,1
605141,2025-04-07,Los Angeles Dodgers,Washington Nationals,4,1,1,0.25,11.0,0.0,True,1
605141,2025-04-08,Los Angeles Dodgers,Washington Nationals,2,1,1,0.3333333333333333,11.0,0.0,True,1
605141,2025-04-09,Los Angeles Dodgers,Washington Nationals,4,1,1,0.3684210526315789,8.0,0.0,True,1
605141,2025-04-11,Los Angeles Dodgers,Chicago Cubs,3,1,1,0.3333333333333333,9.0,0.0,False,0
605141,2025-04-12,Los Angeles Dodgers,Chicago Cubs,4,0,0,0.23529411764705882,9.0,,True,1
605141,2025-04-13,Los Angeles Dodgers,Chicago Cubs,3,1,1,0.25,8.0,0.0,True,1
605141,2025-04-14,Los Angeles Dodgers,Colorado Rockies,4,2,6,0.2777777777777778,11.0,0.0,True,1
605141,2025-04-15,Los Angeles Dodgers,Colorado Rockies,5,0,0,0.21052631578947367,10.0,,True,1
605141,2025-04-16,Los Angeles Dodgers,Colorado Rockies,3,0,0,0.15789473684210525,9.0,,True,2
605141,2025-04-18,Los Angeles Dodgers,Texas Rangers,3,0,0,0.16666666666666666,8.0,,False,1
605141,2025-04-19,Los Angeles Dodgers,Texas Rangers,4,1,1,0.15789473684210525,8.0,0.0,True,2
605141,2025-04-20,Los Angeles Dodgers,Texas Rangers,3,0,0,0.05555555555555555,8.0,,True,2
605141,2025-04-22,Los Angeles Dodgers,Chicago Cubs,4,0,0,0.058823529411764705,7.0,,False,1
605141,2025-04-23,Los Angeles Dodgers,Chicago Cubs,5,3,4,0.21052631578947367,5.0,0.0,True,1
605141,2025-04-25,Los Angeles Dodgers,Pittsburgh Pirates,4,0,0,0.2,5.0,,False,0
605141,2025-04-26,Los Angeles Dodgers,Pittsburgh Pirates,4,0,0,0.15,5.0,,True,2
605141,2025-04-27,Los Angeles Dodgers,Pittsburgh Pirates,4,1,1,0.19047619047619047,6.0,0.0,True,2
605141,2025-04-28,Los Angeles Dodgers,Miami Marlins,5,1,1,0.22727272727272727,6.0,0.0,True,1
605141,2025-04-29,Los Angeles Dodgers,Miami Marlins,4,2,2,0.19047619047619047,8.0,0.0,True,2
605141,2025-04-30,Los Angeles Dodgers,Miami Marlins,4,2,4,0.2857142857142857,12.0,0.0,True,1
605141,2025-05-02,Los Angeles Dodgers,Atlanta Braves,4,2,5,0.38095238095238093,13.0,0.0,False,0
605141,2025-05-03,Los Angeles Dodgers,Atlanta Braves,4,2,3,0.42857142857142855,16.0,0.0,True,1
605141,2025-05-04,Los Angeles Dodgers,Atlanta Braves,3,0,0,0.42105263157894735,16.0,,True,1
605141,2025-05-05,Los Angeles Dodgers,Miami Marlins,5,2,2,0.4,17.0,0.0,True,1
605141,2025-05-06,Los Angeles Dodgers,Miami Marlins,1,0,0,0.35294117647058826,16.0,,True,1
605141,2025-05-07,Los Angeles Dodgers,Miami Marlins,3,0,0,0.25,14.0,,True,1
605141,2025-05-08,Los Angeles Dodgers,Arizona Diamondbacks,5,2,2,0.23529411764705882,12.0,0.0,True,1
605141,2025-05-09,Los Angeles Dodgers,Arizona Diamondbacks,5,2,2,0.3157894736842105,9.0,0.0,True,1
605141,2025-05-10,Los Angeles Dodgers,Arizona Diamondbacks,4,0,0,0.2222222222222222,6.0,,True,1
605141,2025-05-11,Los Angeles Dodgers,Arizona Diamondbacks,5,3,6,0.3181818181818182,12.0,0.0,True,1
605141,2025-05-13,Los Angeles Dodgers,Athletics,3,0,0,0.3181818181818182,10.0,,False,0
605141,2025-05-14,Los Angeles Dodgers,Athletics,5,1,2,0.2727272727272727,12.0,0.0,True,1
605141,2025-05-15,Los Angeles Dodgers,Athletics,1,1,1,0.2777777777777778,13.0,0.0,True,1
605483,2025-03-27,Los Angeles Dodgers,Detroit Tigers,19,5,5,0.2631578947368421,5.0,,False,0
605483,2025-04-02,Los Angeles Dodgers,Atlanta Braves,18,5,8,0.2702702702702703,13.0,,False,0
606192,2025-03-18,Los Angeles Dodgers,Chicago Cubs,4,1,1,0.25,1.0,,False,0
606192,2025-03-19,Los Angeles Dodgers,Chicago Cubs,4,0,0,0.125,1.0,,True,2
606192,2025-03-27,Los Angeles Dodgers,Detroit Tigers,4,1,4,0.16666666666666666,5.0,0.0,False,1
606192,2025-03-28,Los Angeles Dodgers,Detroit Tigers,3,0,0,0.13333333333333333,5.0,,True,2
606192,2025-03-29,Los Angeles Dodgers,Detroit Tigers,4,1,2,0.15789473684210525,7.0,0.0,True,2
606192,2025-03-31,Los Angeles Dodgers,Atlanta Braves,3,2,5,0.2222222222222222,12.0,0.0,False,0
606192,2025-04-01,Los Angeles Dodgers,Atlanta Braves,4,1,1,0.2777777777777778,13.0,0.0,True,1
606192,2025-04-02,Los Angeles Dodgers,Atlanta Braves,4,0,0,0.2222222222222222,12.0,,True,1
606192,2025-04-04,Los Angeles Dodgers,Philadelphia Phillies,4,2,3,0.3157894736842105,15.0,0.0,False,0
606192,2025-04-05,Los Angeles Dodgers,Philadelphia Phillies,4,0,0,0.2631578947368421,11.0,,True,1
606192,2025-04-06,Los Angeles Dodgers,Philadelphia Phillies,3,3,10,0.3157894736842105,21.0,0.0,True,2
606192,2025-04-07,Los Angeles Dodgers,Washington Nationals,4,1,1,0.3157894736842105,20.0,0.0,True,1
606192,2025-04-08,Los Angeles Dodgers,Washington Nationals,3,1,1,0.3888888888888889,16.0,0.0,True,1
606192,2025-04-09,Los Angeles Dodgers,Washington Nationals,5,2,5,0.3684210526315789,20.0,0.0,True,1
606192,2025-04-11,Los Angeles Dodgers,Chicago Cubs,4,1,1,0.42105263157894735,21.0,0.0,False,1
606192,2025-04-12,Los Angeles Dodgers,Chicago Cubs,3,2,2,0.3684210526315789,20.0,0.0,True,1
606192,2025-04-13,Los Angeles Dodgers,Chicago Cubs,4,0,0,0.3157894736842105,20.0,,True,1
606192,2025-04-16,Los Angeles Dodgers,Colorado Rockies,4,0,0,0.25,10.0,,False,0
606192,2025-04-18,Los Angeles Dodgers,Texas Rangers,4,1,1,0.21052631578947367,10.0,0.0,False,0
606192,2025-04-19,Los Angeles Dodgers,Texas Rangers,4,0,0,0.15789473684210525,9.0,,True,2
606192,2025-04-20,Los Angeles Dodgers,Texas Rangers,4,1,2,0.1,6.0,0.0,True,2
606192,2025-04-22,Los Angeles Dodgers,Chicago Cubs,5,2,3,0.19047619047619047,8.0,0.0,False,1
606192,2025-04-23,Los Angeles Dodgers,Chicago Cubs,4,2,5,0.2857142857142857,11.0,0.0,True,1
606192,2025-04-25,Los Angeles Dodgers,Pittsburgh Pirates,4,1,1,0.2857142857142857,12.0,0.0,False,0
606192,2025-04-26,Los Angeles Dodgers,Pittsburgh Pirates,5,2,6,0.36363636363636365,18.0,0.0,True,1
606192,2025-04-27,Los Angeles Dodgers,Pittsburgh Pirates,3,1,4,0.38095238095238093,21.0,0.0,True,2
606192,2025-04-28,Los Angeles Dodgers,Miami Marlins,5,1,4,0.3333333333333333,25.0,0.0,True,2
606192,2025-04-29,Los Angeles Dodgers,Miami Marlins,5,4,6,0.4090909090909091,29.0,0.0,True,2
606192,2025-04-30,Los Angeles Dodgers,Miami Marlins,5,3,4,0.4782608695652174,30.0,0.0,True,2
606192,2025-05-02,Los Angeles Dodgers,Atlanta Braves,3,0,0,0.42857142857142855,25.0,,False,1
606192,2025-05-03,Los Angeles Dodgers,Atlanta Braves,5,2,2,0.43478260869565216,26.0,0.0,True,2
606192,2025-05-04,Los Angeles Dodgers,Atlanta Braves,4,1,1,0.45454545454545453,21.0,0.0,True,2
606192,2025-05-05,Los Angeles Dodgers,Miami Marlins,2,2,3,0.42105263157894735,20.0,0.0,True,1
607192,2025-03-31,Los Angeles Dodgers,Atlanta Braves,17,2,2,0.11764705882352941,2.0,,False,1
607192,2025-04-06,Los Angeles Dodgers,Philadelphia Phillies,8,2,2,0.16,4.0,,False,1
607192,2025-04-13,Los Angeles Dodgers,Chicago Cubs,21,3,9,0.15217391304347827,13.0,0.0,False,1
607192,2025-04-20,Los Angeles Dodgers,Texas Rangers,15,3,3,0.16393442622950818,16.0,0.0,False,1
607192,2025-04-27,Los Angeles Dodgers,Pittsburgh Pirates,4,2,8,0.18461538461538463,24.0,0.0,False,2
607455,2025-03-18,Los Angeles Dodgers,Chicago Cubs,3,0,0,0.0,0.0,,False,1
607455,2025-03-28,Los Angeles Dodgers,Detroit Tigers,3,0,0,0.0,0.0,,False,1
607455,2025-03-29,Los Angeles Dodgers,Detroit Tigers,3,0,0,0.0,0.0,,True,2
607455,2025-04-01,Los Angeles Dodgers,Atlanta Braves,4,1,2,0.07692307692307693,2.0,0.0,False,1
607455,2025-04-05,Los Angeles Dodgers,Philadelphia Phillies,2,0,0,0.06666666666666667,2.0,,False,1
607455,2025-04-07,Los Angeles Dodgers,Washington Nationals,4,3,7,0.25,9.0,0.0,False,0
607455,2025-04-09,Los Angeles Dodgers,Washington Nationals,3,0,0,0.25,9.0,,False,0
607455,2025-04-14,Los Angeles Dodgers,Colorado Rockies,4,2,5,0.35294117647058826,14.0,0.0,False,0
607455,2025-04-16,Los Angeles Dodgers,Colorado Rockies,3,0,0,0.3125,14.0,,False,0
607455,2025-04-20,Los Angeles Dodgers,Texas Rangers,3,1,1,0.35294117647058826,15.0,0.0,False,0
607455,2025-04-22,Los Angeles Dodgers,Chicago Cubs,4,2,2,0.29411764705882354,15.0,0.0,False,0
607455,2025-04-23,Los Angeles Dodgers,Chicago Cubs,3,1,1,0.35294117647058826,16.0,0.0,True,1
607455,2025-04-28,Los Angeles Dodgers,Miami Marlins,6,1,4,0.2631578947368421,13.0,0.0,False,0
607455,2025-04-30,Los Angeles Dodgers,Miami Marlins,3,0,0,0.2631578947368421,13.0,,False,0
607455,2025-05-03,Los Angeles Dodgers,Atlanta Braves,4,0,0,0.2,8.0,,False,0
607455,2025-05-04,Los Angeles Dodgers,Atlanta Braves,4,1,1,0.15,9.0,0.0,True,2
607455,2025-05-06,Los Angeles Dodgers,Miami Marlins,4,2,2,0.19047619047619047,10.0,0.0,False,1
607455,2025-05-09,Los Angeles Dodgers,Arizona Diamondbacks,8,3,6,0.2608695652173913,14.0,0.0,False,0
607455,2025-05-13,Los Angeles Dodgers,Athletics,4,1,1,0.2916666666666667,14.0,0.0,False,0
607455,2025-05-15,Los Angeles Dodgers,Athletics,2,0,0,0.3181818181818182,10.0,,False,0
621035,2025-03-31,Los Angeles Dodgers,Atlanta Braves,0,0,0,,0.0,,False,0
621035,2025-04-01,Los Angeles Dodgers,Atlanta Braves,3,0,0,0.0,0.0,,True,2
621035,2025-04-04,Los Angeles Dodgers,Philadelphia Phillies,0,0,0,0.0,0.0,,False,1
621035,2025-04-07,Los Angeles Dodgers,Washington Nationals,2,1,1,0.2,1.0,0.0,False,0
621035,2025-04-08,Los Angeles Dodgers,Washington Nationals,2,0,0,0.14285714285714285,1.0,,True,2
621035,2025-04-11,Los Angeles Dodgers,Chicago Cubs,0,0,0,0.14285714285714285,1.0,,False,1
621035,2025-04-12,Los Angeles Dodgers,Chicago Cubs,1,1,1,0.4,2.0,0.0,True,1
621035,2025-04-14,Los Angeles Dodgers,Colorado Rockies,0,0,0,0.4,2.0,,False,0
621035,2025-04-15,Los Angeles Dodgers,Colorado Rockies,4,1,1,0.2857142857142857,3.0,0.0,True,1
621035,2025-04-16,Los Angeles Dodgers,Colorado Rockies,0,0,0,0.4,3.0,,True,1
621035,2025-04-18,Los Angeles Dodgers,Texas Rangers,0,0,0,0.4,2.0,,False,0
621035,2025-04-19,Los Angeles Dodgers,Texas Rangers,0,0,0,0.25,2.0,,True,1
621035,2025-04-20,Los Angeles Dodgers,Texas Rangers,0,0,0,0.25,2.0,,True,1
621035,2025-04-22,Los Angeles Dodgers,Chicago Cubs,0,0,0,,1.0,,False,0
621035,2025-04-27,Los Angeles Dodgers,Pittsburgh Pirates,2,1,1,0.5,2.0,0.0,False,0
621035,2025-04-28,Los Angeles Dodgers,Miami Marlins,0,0,0,0.5,1.0,,True,1
621035,2025-04-29,Los Angeles Dodgers,Miami Marlins,1,0,0,0.3333333333333333,1.0,,True,1
621035,2025-04-30,Los Angeles Dodgers,Miami Marlins,1,0,0,0.25,1.0,,True,1
621035,2025-05-02,Los Angeles Dodgers,Atlanta Braves,0,0,0,0.25,1.0,,False,0
621035,2025-05-03,Los Angeles Dodgers,Atlanta Braves,4,0,0,0.0,1.0,,True,2
621035,2025-05-05,Los Angeles Dodgers,Miami Marlins,3,1,2,0.1111111111111111,3.0,0.0,False,1
621035,2025-05-06,Los Angeles Dodgers,Miami Marlins,0,0,0,0.125,2.0,,True,2
621035,2025-05-07,Los Angeles Dodgers,Miami Marlins,1,0,0,0.125,2.0,,True,2
621035,2025-05-09,Los Angeles Dodgers,Arizona Diamondbacks,3,1,1,0.18181818181818182,3.0,0.0,False,1
621035,2025-05-11,Los Angeles Dodgers,Arizona Diamondbacks,1,0,0,0.25,3.0,,False,0
621035,2025-05-13,Los Angeles Dodgers,Athletics,4,1,2,0.2222222222222222,5.0,0.0,False,0
621035,2025-05-14,Los Angeles Dodgers,Athletics,0,0,0,0.2222222222222222,5.0,,True,1
621035,2025-05-15,Los Angeles Dodgers,Athletics,3,0,0,0.18181818181818182,3.0,,True,2
623465,2025-04-19,Los Angeles Dodgers,Texas Rangers,3,1,1,0.3333333333333333,1.0,,False,0
623465,2025-04-20,Los Angeles Dodgers,Texas Rangers,1,0,0,0.25,1.0,,True,1
623465,2025-04-23,Los Angeles Dodgers,Chicago Cubs,3,1,1,0.2857142857142857,2.0,0.0,False,0
623465,2025-04-26,Los Angeles Dodgers,Pittsburgh Pirates,2,0,0,0.2222222222222222,2.0,,False,0
623465,2025-04-28,Los Angeles Dodgers,Miami Marlins,3,0,0,0.16666666666666666,2.0,,False,1
623465,2025-05-02,Los Angeles Dodgers,Atlanta Braves,3,0,0,0.08333333333333333,2.0,,False,1
623465,2025-05-05,Los Angeles Dodgers,Miami Marlins,5,2,2,0.1875,4.0,0.0,False,1
624424,2025-03-18,Los Angeles Dodgers,Chicago Cubs,4,1,2,0.25,2.0,,False,0
624424,2025-03-19,Los Angeles Dodgers,Chicago Cubs,3,1,1,0.2857142857142857,3.0,,True,1
624424,2025-03-28,Los Angeles Dodgers,Detroit Tigers,4,1,2,0.2727272727272727,5.0,0.0,False,0
624424,2025-03-29,Los Angeles Dodgers,Detroit Tigers,3,1,2,0.2857142857142857,7.0,0.0,True,1
624424,2025-03-31,Los Angeles Dodgers,Atlanta Braves,3,1,2,0.29411764705882354,9.0,0.0,False,0
624424,2025-04-02,Los Angeles Dodgers,Atlanta Braves,2,2,5,0.4,14.0,0.0,False,0
624424,2025-04-04,Los Angeles Dodgers,Philadelphia Phillies,3,0,0,0.3333333333333333,14.0,,False,0
624424,2025-04-05,Los Angeles Dodgers,Philadelphia Phillies,4,1,4,0.3333333333333333,16.0,0.0,True,1
624424,2025-04-06,Los Angeles Dodgers,Philadelphia Phillies,3,0,0,0.26666666666666666,15.0,,True,1
624424,2025-04-07,Los Angeles Dodgers,Washington Nationals,1,0,0,0.23076923076923078,13.0,,True,1
624424,2025-04-08,Los Angeles Dodgers,Washington Nationals,4,0,0,0.06666666666666667,11.0,,True,2
624424,2025-04-09,Los Angeles Dodgers,Washington Nationals,4,0,0,0.0625,9.0,,True,2
624424,2025-04-11,Los Angeles Dodgers,Chicago Cubs,3,1,1,0.06666666666666667,5.0,0.0,False,1
624424,2025-04-12,Los Angeles Dodgers,Chicago Cubs,4,0,0,0.0625,5.0,,True,2
624424,2025-04-13,Los Angeles Dodgers,Chicago Cubs,4,2,2,0.15789473684210525,3.0,0.0,True,2
624424,2025-04-14,Los Angeles Dodgers,Colorado Rockies,2,0,0,0.17647058823529413,3.0,,True,2
624424,2025-04-15,Los Angeles Dodgers,Colorado Rockies,2,0,0,0.2,3.0,,True,1
624424,2025-04-16,Los Angeles Dodgers,Colorado Rockies,4,1,1,0.1875,4.0,0.0,True,2
624424,2025-04-18,Los Angeles Dodgers,Texas Rangers,3,0,0,0.2,4.0,,False,0
624424,2025-04-19,Los Angeles Dodgers,Texas Rangers,4,1,1,0.13333333333333333,4.0,0.0,True,2
624424,2025-04-20,Los Angeles Dodgers,Texas Rangers,3,0,0,0.125,4.0,,True,2
624424,2025-04-22,Los Angeles Dodgers,Chicago Cubs,1,0,0,0.13333333333333333,2.0,,False,1
624424,2025-04-23,Los Angeles Dodgers,Chicago Cubs,3,1,1,0.14285714285714285,3.0,0.0,True,2
624424,2025-04-25,Los Angeles Dodgers,Pittsburgh Pirates,4,0,0,0.13333333333333333,3.0,,False,1
624424,2025-04-26,Los Angeles Dodgers,Pittsburgh Pirates,3,0,0,0.07142857142857142,2.0,,True,2
624424,2025-04-28,Los Angeles Dodgers,Miami Marlins,5,0,0,0.0625,2.0,,False,1
624424,2025-04-29,Los Angeles Dodgers,Miami Marlins,4,0,0,0.05263157894736842,1.0,,True,2
624424,2025-04-30,Los Angeles Dodgers,Miami Marlins,3,0,0,0.0,1.0,,True,2
624424,2025-05-02,Los Angeles Dodgers,Atlanta Braves,2,0,0,0.0,1.0,,False,1
624424,2025-05-03,Los Angeles Dodgers,Atlanta Braves,5,0,0,0.0,0.0,,True,2
624424,2025-05-04,Los Angeles Dodgers,Atlanta Braves,2,0,0,0.0,0.0,,True,2
624424,2025-05-05,Los Angeles Dodgers,Miami Marlins,4,1,1,0.0625,1.0,0.0,True,2
624424,2025-05-06,Los Angeles Dodgers,Miami Marlins,3,0,0,0.0625,1.0,,True,2
624424,2025-05-07,Los Angeles Dodgers,Miami Marlins,2,0,0,0.0625,1.0,,True,2
624424,2025-05-08,Los Angeles Dodgers,Arizona Diamondbacks,3,0,0,0.07142857142857142,1.0,,True,2
624424,2025-05-09,Los Angeles Dodgers,Arizona Diamondbacks,1,0,0,0.07692307692307693,1.0,,True,2
624424,2025-05-10,Los Angeles Dodgers,Arizona Diamondbacks,3,1,1,0.08333333333333333,2.0,0.0,True,2
624424,2025-05-11,Los Angeles Dodgers,Arizona Diamondbacks,3,2,3,0.25,5.0,0.0,True,1
624424,2025-05-13,Los Angeles Dodgers,Athletics,4,3,6,0.42857142857142855,10.0,0.0,False,0
624424,2025-05-14,Los Angeles Dodgers,Athletics,4,1,1,0.4666666666666667,11.0,0.0,True,1
624424,2025-05-15,Los Angeles Dodgers,Athletics,5,1,2,0.42105263157894735,13.0,0.0,True,1
656420,2025-04-19,Arizona Diamondbacks,Chicago Cubs,4,1,2,0.25,2.0,,False,0
656420,2025-04-24,Arizona Diamondbacks,Tampa Bay Rays,5,2,6,0.3333333333333333,8.0,,False,0
656420,2025-05-06,Los Angeles Dodgers,Miami Marlins,2,2,2,0.45454545454545453,10.0,0.0,False,0
656420,2025-05-13,Los Angeles Dodgers,Athletics,11,6,10,0.5,20.0,0.0,False,0
656945,2025-03-18,Los Angeles Dodgers,Chicago Cubs,3,0,0,0.0,0.0,,False,1
656945,2025-03-27,Los Angeles Dodgers,Detroit Tigers,3,1,3,0.16666666666666666,3.0,,False,1
656945,2025-03-28,Los Angeles Dodgers,Detroit Tigers,5,3,4,0.36363636363636365,7.0,0.0,True,1
656945,2025-03-31,Los Angeles Dodgers,Atlanta Braves,4,1,4,0.3333333333333333,11.0,0.0,False,0
656945,2025-04-01,Los Angeles Dodgers,Atlanta Braves,3,0,0,0.2777777777777778,11.0,,True,1
656945,2025-04-05,Los Angeles Dodgers,Philadelphia Phillies,3,1,1,0.3333333333333333,12.0,0.0,False,0
656945,2025-04-09,Los Angeles Dodgers,Washington Nationals,3,0,0,0.2777777777777778,12.0,,False,0
656945,2025-04-11,Los Angeles Dodgers,Chicago Cubs,3,0,0,0.125,12.0,,False,1
656945,2025-04-14,Los Angeles Dodgers,Colorado Rockies,5,2,2,0.17647058823529413,11.0,0.0,False,1
656945,2025-04-16,Los Angeles Dodgers,Colorado Rockies,4,1,1,0.2222222222222222,8.0,0.0,False,0
656945,2025-04-18,Los Angeles Dodgers,Texas Rangers,4,2,2,0.2631578947368421,6.0,0.0,False,0
656945,2025-04-20,Los Angeles Dodgers,Texas Rangers,3,1,1,0.3157894736842105,7.0,0.0,False,0
656945,2025-04-22,Los Angeles Dodgers,Chicago Cubs,4,1,4,0.35,10.0,0.0,False,0
656945,2025-04-26,Los Angeles Dodgers,Pittsburgh Pirates,3,0,0,0.2777777777777778,10.0,,False,0
656945,2025-04-28,Los Angeles Dodgers,Miami Marlins,3,1,1,0.29411764705882354,11.0,0.0,False,0
656945,2025-05-02,Los Angeles Dodgers,Atlanta Braves,3,0,0,0.1875,9.0,,False,1
656945,2025-05-05,Los Angeles Dodgers,Miami Marlins,2,0,0,0.13333333333333333,8.0,,False,1
656945,2025-05-06,Los Angeles Dodgers,Miami Marlins,3,0,0,0.07142857142857142,6.0,,True,2
656945,2025-05-09,Los Angeles Dodgers,Arizona Diamondbacks,3,0,0,0.07142857142857142,5.0,,False,1
656945,2025-05-11,Los Angeles Dodgers,Arizona Diamondbacks,3,0,0,0.0,1.0,,False,1
663562,2025-04-22,Los Angeles Dodgers,Chicago Cubs,1,1,1,1.0,1.0,,False,0
663562,2025-04-23,Los Angeles Dodgers,Chicago Cubs,4,2,5,0.6,6.0,,True,1
663562,2025-04-25,Los Angeles Dodgers,Pittsburgh Pirates,5,0,0,0.3,6.0,,False,0
664062,2025-04-30,Los Angeles Dodgers,Miami Marlins,24,6,10,0.25,10.0,,False,0
664062,2025-05-06,Los Angeles Dodgers,Miami Marlins,17,4,7,0.24390243902439024,17.0,,False,0
664062,2025-05-11,Los Angeles Dodgers,Arizona Diamondbacks,17,3,4,0.22413793103448276,21.0,0.0,False,1
669160,2025-04-01,Los Angeles Dodgers,Atlanta Braves,15,1,1,0.06666666666666667,1.0,,False,1
669160,2025-04-07,Los Angeles Dodgers,Washington Nationals,22,3,3,0.10810810810810811,4.0,,False,1
669160,2025-04-14,Los Angeles Dodgers,Colorado Rockies,22,3,5,0.11864406779661017,9.0,0.0,False,1
669160,2025-04-22,Los Angeles Dodgers,Chicago Cubs,24,10,18,0.20481927710843373,27.0,0.0,False,1
669160,2025-04-28,Los Angeles Dodgers,Miami Marlins,19,5,5,0.21568627450980393,32.0,0.0,False,1
669160,2025-05-04,Los Angeles Dodgers,Atlanta Braves,22,5,11,0.23853211009174313,43.0,0.0,False,1
669160,2025-05-10,Los Angeles Dodgers,Arizona Diamondbacks,26,7,12,0.26548672566371684,55.0,0.0,False,1
669242,2025-03-18,Los Angeles Dodgers,Chicago Cubs,5,1,1,0.2,1.0,,False,0
669242,2025-03-19,Los Angeles Dodgers,Chicago Cubs,5,1,4,0.2,5.0,,True,1
669242,2025-03-27,Los Angeles Dodgers,Detroit Tigers,4,1,4,0.21428571428571427,9.0,0.0,False,0
669242,2025-03-28,Los Angeles Dodgers,Detroit Tigers,4,1,1,0.2222222222222222,10.0,0.0,True,1
669242,2025-03-29,Los Angeles Dodgers,Detroit Tigers,3,1,4,0.23809523809523808,14.0,0.0,True,1
669242,2025-03-31,Los Angeles Dodgers,Atlanta Braves,3,1,1,0.2631578947368421,15.0,0.0,False,0
669242,2025-04-01,Los Angeles Dodgers,Atlanta Braves,4,1,1,0.2777777777777778,16.0,0.0,True,1
669242,2025-04-02,Los Angeles Dodgers,Atlanta Braves,3,2,5,0.35294117647058826,20.0,0.0,True,1
669242,2025-04-04,Los Angeles Dodgers,Philadelphia Phillies,4,1,4,0.35294117647058826,20.0,0.0,False,0
669242,2025-04-05,Los Angeles Dodgers,Philadelphia Phillies,4,0,0,0.2777777777777778,16.0,,True,1
669242,2025-04-06,Los Angeles Dodgers,Philadelphia Phillies,5,1,1,0.25,16.0,0.0,True,1
669242,2025-04-07,Los Angeles Dodgers,Washington Nationals,4,1,1,0.25,13.0,0.0,True,1
669242,2025-04-08,Los Angeles Dodgers,Washington Nationals,3,0,0,0.15,12.0,,True,2
669242,2025-04-09,Los Angeles Dodgers,Washington Nationals,3,2,4,0.21052631578947367,15.0,0.0,True,1
669242,2025-04-11,Los Angeles Dodgers,Chicago Cubs,4,1,4,0.2631578947368421,14.0,0.0,False,0
669242,2025-04-12,Los Angeles Dodgers,Chicago Cubs,3,0,0,0.23529411764705882,10.0,,True,1
669242,2025-04-13,Los Angeles Dodgers,Chicago Cubs,3,1,1,0.25,11.0,0.0,True,1
669242,2025-04-14,Los Angeles Dodgers,Colorado Rockies,4,0,0,0.23529411764705882,10.0,,True,1
669242,2025-04-15,Los Angeles Dodgers,Colorado Rockies,5,4,6,0.3157894736842105,15.0,0.0,True,1
669242,2025-04-16,Los Angeles Dodgers,Colorado Rockies,3,0,0,0.2777777777777778,15.0,,True,1
669242,2025-04-18,Los Angeles Dodgers,Texas Rangers,4,3,6,0.42105263157894735,17.0,0.0,False,0
669242,2025-04-19,Los Angeles Dodgers,Texas Rangers,4,0,0,0.35,13.0,,True,1
669242,2025-04-20,Los Angeles Dodgers,Texas Rangers,4,0,0,0.35,13.0,,True,1
669242,2025-04-22,Los Angeles Dodgers,Chicago Cubs,4,2,5,0.2631578947368421,17.0,0.0,False,0
669242,2025-04-23,Los Angeles Dodgers,Chicago Cubs,4,0,0,0.25,17.0,,True,1
669242,2025-04-25,Los Angeles Dodgers,Pittsburgh Pirates,3,0,0,0.10526315789473684,11.0,,False,1
669242,2025-04-26,Los Angeles Dodgers,Pittsburgh Pirates,4,1,2,0.15789473684210525,13.0,0.0,True,2
669242,2025-04-27,Los Angeles Dodgers,Pittsburgh Pirates,4,0,0,0.15789473684210525,7.0,,True,2
669242,2025-04-28,Los Angeles Dodgers,Miami Marlins,2,1,1,0.11764705882352941,8.0,0.0,True,2
669242,2025-04-29,Los Angeles Dodgers,Miami Marlins,2,1,2,0.2,10.0,0.0,True,1
669257,2025-03-18,Los Angeles Dodgers,Chicago Cubs,2,1,1,0.5,1.0,,False,0
669257,2025-03-19,Los Angeles Dodgers,Chicago Cubs,2,1,2,0.5,3.0,,True,1
669257,2025-03-27,Los Angeles Dodgers,Detroit Tigers,3,1,1,0.42857142857142855,4.0,0.0,False,0
669257,2025-03-28,Los Angeles Dodgers,Detroit Tigers,1,1,1,0.5,5.0,0.0,True,1
669257,2025-03-29,Los Angeles Dodgers,Detroit Tigers,4,1,4,0.4166666666666667,9.0,0.0,True,1
669257,2025-03-31,Los Angeles Dodgers,Atlanta Braves,3,2,2,0.46153846153846156,11.0,0.0,False,0
669257,2025-04-01,Los Angeles Dodgers,Atlanta Braves,2,1,1,0.46153846153846156,12.0,0.0,True,1
669257,2025-04-02,Los Angeles Dodgers,Atlanta Braves,3,1,1,0.46153846153846156,12.0,0.0,True,1
669257,2025-04-04,Los Angeles Dodgers,Philadelphia Phillies,2,0,0,0.35714285714285715,10.0,,False,0
669257,2025-04-06,Los Angeles Dodgers,Philadelphia Phillies,4,2,3,0.42857142857142855,12.0,0.0,False,0
669257,2025-04-07,Los Angeles Dodgers,Washington Nationals,4,1,1,0.3333333333333333,12.0,0.0,True,1
669257,2025-04-09,Los Angeles Dodgers,Washington Nationals,4,0,0,0.23529411764705882,8.0,,False,0
669257,2025-04-11,Los Angeles Dodgers,Chicago Cubs,3,0,0,0.17647058823529413,6.0,,False,1
669257,2025-04-13,Los Angeles Dodgers,Chicago Cubs,4,2,3,0.2631578947368421,8.0,0.0,False,0
669257,2025-04-14,Los Angeles Dodgers,Colorado Rockies,3,2,2,0.2777777777777778,9.0,0.0,True,1
669257,2025-04-15,Los Angeles Dodgers,Colorado Rockies,5,2,5,0.3157894736842105,14.0,0.0,True,1
669257,2025-04-18,Los Angeles Dodgers,Texas Rangers,3,0,0,0.3333333333333333,11.0,,False,0
669257,2025-04-19,Los Angeles Dodgers,Texas Rangers,3,0,0,0.3333333333333333,10.0,,True,1
669257,2025-04-20,Los Angeles Dodgers,Texas Rangers,1,1,1,0.3333333333333333,11.0,0.0,True,1
669257,2025-04-22,Los Angeles Dodgers,Chicago Cubs,4,2,6,0.3125,17.0,0.0,False,0
669257,2025-04-25,Los Angeles Dodgers,Pittsburgh Pirates,4,0,0,0.2,14.0,,False,0
669257,2025-04-26,Los Angeles Dodgers,Pittsburgh Pirates,3,0,0,0.2,12.0,,True,1
669257,2025-04-28,Los Angeles Dodgers,Miami Marlins,4,1,1,0.25,8.0,0.0,False,0
669257,2025-04-29,Los Angeles Dodgers,Miami Marlins,5,2,3,0.25,11.0,0.0,True,1
669257,2025-05-02,Los Angeles Dodgers,Atlanta Braves,3,1,1,0.21052631578947367,12.0,0.0,False,0
669257,2025-05-03,Los Angeles Dodgers,Atlanta Braves,5,2,3,0.3,14.0,0.0,True,1
669257,2025-05-04,Los Angeles Dodgers,Atlanta Braves,1,0,0,0.3333333333333333,8.0,,True,1
669257,2025-05-05,Los Angeles Dodgers,Miami Marlins,4,0,0,0.2777777777777778,8.0,,True,1
669257,2025-05-06,Los Angeles Dodgers,Miami Marlins,5,2,3,0.2777777777777778,11.0,0.0,True,1
669257,2025-05-08,Los Angeles Dodgers,Arizona Diamondbacks,3,2,2,0.3333333333333333,12.0,0.0,False,0
669257,2025-05-09,Los Angeles Dodgers,Arizona Diamondbacks,3,0,0,0.25,9.0,,True,1
669257,2025-05-10,Los Angeles Dodgers,Arizona Diamondbacks,1,0,0,0.25,8.0,,True,1
669257,2025-05-11,Los Angeles Dodgers,Arizona Diamondbacks,4,2,3,0.375,8.0,0.0,True,1
669257,2025-05-13,Los Angeles Dodgers,Athletics,4,3,3,0.4666666666666667,11.0,0.0,False,0
669257,2025-05-14,Los Angeles Dodgers,Athletics,2,0,0,0.35714285714285715,11.0,,True,1
669422,2025-04-07,Los Angeles Dodgers,Washington Nationals,6,3,4,0.5,4.0,,False,0
669422,2025-04-29,Los Angeles Dodgers,Miami Marlins,19,5,5,0.32,9.0,,False,0
669422,2025-05-07,Los Angeles Dodgers,Miami Marlins,12,1,1,0.24324324324324326,10.0,0.0,False,0
669422,2025-05-11,Los Angeles Dodgers,Arizona Diamondbacks,3,0,0,0.225,10.0,,False,0
669422,2025-05-15,Los Angeles Dodgers,Athletics,14,2,6,0.2037037037037037,16.0,0.0,False,0
676263,2025-03-19,Los Angeles Dodgers,Chicago Cubs,5,2,3,0.4,3.0,,False,0
676263,2025-03-29,Los Angeles Dodgers,Detroit Tigers,4,0,0,0.2222222222222222,3.0,,False,0
676263,2025-03-31,Los Angeles Dodgers,Atlanta Braves,3,0,0,0.16666666666666666,3.0,,False,1
676263,2025-04-02,Los Angeles Dodgers,Atlanta Braves,6,0,0,0.1111111111111111,3.0,,False,1
676263,2025-04-06,Los Angeles Dodgers,Philadelphia Phillies,7,0,0,0.08,3.0,,False,1
676263,2025-04-09,Los Angeles Dodgers,Washington Nationals,4,0,0,0.0,3.0,,False,1
676263,2025-04-13,Los Angeles Dodgers,Chicago Cubs,4,1,3,0.041666666666666664,6.0,0.0,False,1
676263,2025-04-15,Los Angeles Dodgers,Colorado Rockies,5,0,0,0.038461538461538464,3.0,,False,1
676263,2025-04-19,Los Angeles Dodgers,Texas Rangers,3,0,0,0.043478260869565216,3.0,,False,1
676263,2025-04-20,Los Angeles Dodgers,Texas Rangers,2,0,0,0.05555555555555555,3.0,,True,2
676263,2025-04-23,Los Angeles Dodgers,Chicago Cubs,4,2,2,0.16666666666666666,5.0,0.0,False,1
676263,2025-04-26,Los Angeles Dodgers,Pittsburgh Pirates,4,2,2,0.2222222222222222,7.0,0.0,False,0
676263,2025-04-29,Los Angeles Dodgers,Miami Marlins,8,2,4,0.2857142857142857,11.0,0.0,False,0
676263,2025-05-04,Los Angeles Dodgers,Atlanta Braves,2,1,1,0.35,9.0,0.0,False,0
676263,2025-05-05,Los Angeles Dodgers,Miami Marlins,4,0,0,0.3181818181818182,9.0,,True,1
676263,2025-05-08,Los Angeles Dodgers,Arizona Diamondbacks,11,3,5,0.27586206896551724,14.0,0.0,False,0
676263,2025-05-11,Los Angeles Dodgers,Arizona Diamondbacks,3,1,1,0.25,15.0,0.0,False,0
676272,2025-04-16,Los Angeles Dodgers,Colorado Rockies,17,8,15,0.47058823529411764,15.0,,False,0
676439,2025-04-07,Los Angeles Dodgers,Washington Nationals,1,0,0,0.0,0.0,,False,1
676439,2025-04-08,Los Angeles Dodgers,Washington Nationals,1,0,0,0.0,0.0,,True,2
676508,2025-03-18,Los Angeles Dodgers,Chicago Cubs,3,0,0,0.0,0.0,,False,1
676508,2025-03-27,Los Angeles Dodgers,Detroit Tigers,4,1,1,0.14285714285714285,1.0,,False,1
676508,2025-03-29,Los Angeles Dodgers,Detroit Tigers,3,0,0,0.1,1.0,,False,1
676508,2025-04-02,Los Angeles Dodgers,Atlanta Braves,8,2,2,0.16666666666666666,3.0,0.0,False,1
676508,2025-04-05,Los Angeles Dodgers,Philadelphia Phillies,6,0,0,0.125,3.0,,False,1
676508,2025-04-08,Los Angeles Dodgers,Washington Nationals,8,2,2,0.1724137931034483,5.0,0.0,False,1
676508,2025-04-12,Los Angeles Dodgers,Chicago Cubs,11,7,11,0.3055555555555556,16.0,0.0,False,0
676508,2025-04-16,Los Angeles Dodgers,Colorado Rockies,11,2,3,0.29545454545454547,19.0,0.0,False,0
676508,2025-04-20,Los Angeles Dodgers,Texas Rangers,5,0,0,0.2682926829268293,18.0,,False,0
676508,2025-04-23,Los Angeles Dodgers,Chicago Cubs,9,1,2,0.2727272727272727,20.0,0.0,False,0
676508,2025-04-27,Los Angeles Dodgers,Pittsburgh Pirates,13,2,2,0.24489795918367346,20.0,0.0,False,0
676508,2025-05-05,Los Angeles Dodgers,Miami Marlins,17,5,6,0.18181818181818182,26.0,0.0,False,2
676508,2025-05-11,Los Angeles Dodgers,Arizona Diamondbacks,6,2,3,0.2,27.0,0.0,False,1
676508,2025-05-14,Los Angeles Dodgers,Athletics,3,0,0,0.20833333333333334,16.0,,False,0
680736,2025-04-08,Los Angeles Dodgers,Washington Nationals,22,8,15,0.36363636363636365,15.0,,False,0
680736,2025-05-15,Los Angeles Dodgers,Athletics,12,1,1,0.2647058823529412,16.0,,False,0
681546,2025-05-06,Los Angeles Dodgers,Miami Marlins,3,0,0,0.0,0.0,,False,1
681546,2025-05-07,Los Angeles Dodgers,Miami Marlins,2,1,4,0.2,4.0,,True,1
681546,2025-05-08,Los Angeles Dodgers,Arizona Diamondbacks,2,0,0,0.14285714285714285,4.0,,True,2
681546,2025-05-09,Los Angeles Dodgers,Arizona Diamondbacks,5,0,0,0.08333333333333333,4.0,,True,2
681546,2025-05-11,Los Angeles Dodgers,Arizona Diamondbacks,3,0,0,0.06666666666666667,4.0,,False,1
681546,2025-05-13,Los Angeles Dodgers,Athletics,0,0,0,0.08333333333333333,4.0,,False,1
681546,2025-05-14,Los Angeles Dodgers,Athletics,2,0,0,0.0,4.0,,True,2
681546,2025-05-15,Los Angeles Dodgers,Athletics,4,2,5,0.14285714285714285,9.0,0.0,True,2
681624,2025-03-18,Los Angeles Dodgers,Chicago Cubs,2,0,0,0.0,0.0,,False,1
681624,2025-03-19,Los Angeles Dodgers,Chicago Cubs,3,1,2,0.2,2.0,,True,1
681624,2025-03-27,Los Angeles Dodgers,Detroit Tigers,3,1,1,0.25,3.0,0.0,False,0
681624,2025-03-28,Los Angeles Dodgers,Detroit Tigers,3,0,0,0.18181818181818182,3.0,,True,2
681624,2025-03-29,Los Angeles Dodgers,Detroit Tigers,4,1,1,0.2,4.0,0.0,True,1
681624,2025-03-31,Los Angeles Dodgers,Atlanta Braves,4,0,0,0.17647058823529413,4.0,,False,1
681624,2025-04-01,Los Angeles Dodgers,Atlanta Braves,3,0,0,0.11764705882352941,4.0,,True,2
681624,2025-04-02,Los Angeles Dodgers,Atlanta Braves,3,0,0,0.058823529411764705,4.0,,True,2
681624,2025-04-04,Los Angeles Dodgers,Philadelphia Phillies,2,0,0,0.0625,2.0,,False,1
681624,2025-04-05,Los Angeles Dodgers,Philadelphia Phillies,3,0,0,0.0,1.0,,True,2
681624,2025-04-06,Los Angeles Dodgers,Philadelphia Phillies,4,1,1,0.06666666666666667,2.0,0.0,True,2
681624,2025-04-08,Los Angeles Dodgers,Washington Nationals,3,2,5,0.2,6.0,0.0,False,0
681624,2025-04-09,Los Angeles Dodgers,Washington Nationals,4,1,4,0.25,10.0,0.0,True,1
681624,2025-04-11,Los Angeles Dodgers,Chicago Cubs,3,0,0,0.23529411764705882,10.0,,False,0
681624,2025-04-12,Los Angeles Dodgers,Chicago Cubs,3,0,0,0.23529411764705882,10.0,,True,1
681624,2025-04-14,Los Angeles Dodgers,Colorado Rockies,4,0,0,0.17647058823529413,10.0,,False,1
681624,2025-04-15,Los Angeles Dodgers,Colorado Rockies,2,1,1,0.125,11.0,0.0,True,2
681624,2025-04-16,Los Angeles Dodgers,Colorado Rockies,4,2,2,0.1875,12.0,0.0,True,2
681624,2025-04-18,Los Angeles Dodgers,Texas Rangers,3,0,0,0.1875,7.0,,False,1
681624,2025-04-19,Los Angeles Dodgers,Texas Rangers,3,0,0,0.1875,3.0,,True,2
681624,2025-04-22,Los Angeles Dodgers,Chicago Cubs,4,2,5,0.3125,8.0,0.0,False,0
681624,2025-04-23,Los Angeles Dodgers,Chicago Cubs,4,1,4,0.2777777777777778,12.0,0.0,True,1
681624,2025-04-25,Los Angeles Dodgers,Pittsburgh Pirates,3,3,5,0.35294117647058826,17.0,0.0,False,0
681624,2025-04-26,Los Angeles Dodgers,Pittsburgh Pirates,4,3,4,0.5,20.0,0.0,True,1
681624,2025-04-27,Los Angeles Dodgers,Pittsburgh Pirates,5,4,7,0.65,25.0,0.0,True,2
681624,2025-04-28,Los Angeles Dodgers,Miami Marlins,4,1,1,0.6,26.0,0.0,True,2
681624,2025-04-29,Los Angeles Dodgers,Miami Marlins,5,3,6,0.6666666666666666,32.0,0.0,True,2
681624,2025-04-30,Los Angeles Dodgers,Miami Marlins,4,1,1,0.5454545454545454,28.0,0.0,True,2
681624,2025-05-02,Los Angeles Dodgers,Atlanta Braves,3,0,0,0.42857142857142855,24.0,,False,1
681624,2025-05-03,Los Angeles Dodgers,Atlanta Braves,5,0,0,0.23809523809523808,19.0,,True,1
681624,2025-05-04,Los Angeles Dodgers,Atlanta Braves,4,1,1,0.23809523809523808,16.0,0.0,True,1
681624,2025-05-05,Los Angeles Dodgers,Miami Marlins,4,2,4,0.2,13.0,0.0,True,1
681624,2025-05-06,Los Angeles Dodgers,Miami Marlins,5,1,2,0.19047619047619047,14.0,0.0,True,2
681624,2025-05-07,Los Angeles Dodgers,Miami Marlins,5,2,2,0.2608695652173913,10.0,0.0,True,1
681624,2025-05-08,Los Angeles Dodgers,Arizona Diamondbacks,4,1,1,0.3181818181818182,10.0,0.0,True,1
681624,2025-05-09,Los Angeles Dodgers,Arizona Diamondbacks,5,2,3,0.34782608695652173,13.0,0.0,True,1
681624,2025-05-10,Los Angeles Dodgers,Arizona Diamondbacks,4,1,1,0.30434782608695654,14.0,0.0,True,1
681624,2025-05-11,Los Angeles Dodgers,Arizona Diamondbacks,5,2,2,0.34782608695652173,15.0,0.0,True,1
681624,2025-05-13,Los Angeles Dodgers,Athletics,4,0,0,0.2727272727272727,11.0,,False,0
681624,2025-05-14,Los Angeles Dodgers,Athletics,4,3,6,0.36363636363636365,15.0,0.0,True,1
681624,2025-05-15,Los Angeles Dodgers,Athletics,3,1,4,0.35,17.0,0.0,True,1
681911,2025-03-19,Los Angeles Dodgers,Chicago Cubs,4,1,2,0.25,2.0,,False,0
681911,2025-03-27,Los Angeles Dodgers,Detroit Tigers,4,1,4,0.25,6.0,,False,0
681911,2025-03-28,Los Angeles Dodgers,Detroit Tigers,4,1,2,0.25,8.0,0.0,True,1
681911,2025-03-31,Los Angeles Dodgers,Atlanta Braves,3,0,0,0.2,8.0,,False,0
681911,2025-04-01,Los Angeles Dodgers,Atlanta Braves,3,0,0,0.16666666666666666,8.0,,True,2
681911,2025-04-05,Los Angeles Dodgers,Philadelphia Phillies,3,0,0,0.11764705882352941,8.0,,False,1
681911,2025-04-06,Los Angeles Dodgers,Philadelphia Phillies,5,2,5,0.16666666666666666,13.0,0.0,True,2
681911,2025-04-09,Los Angeles Dodgers,Washington Nationals,2,0,0,0.125,11.0,,False,1
681911,2025-04-13,Los Angeles Dodgers,Chicago Cubs,4,2,3,0.23529411764705882,10.0,0.0,False,0
681911,2025-04-15,Los Angeles Dodgers,Colorado Rockies,2,0,0,0.25,8.0,,False,0
681911,2025-04-16,Los Angeles Dodgers,Colorado Rockies,3,0,0,0.25,8.0,,True,1
681911,2025-04-19,Los Angeles Dodgers,Texas Rangers,1,0,0,0.16666666666666666,8.0,,False,1
681911,2025-04-22,Los Angeles Dodgers,Chicago Cubs,4,2,5,0.2857142857142857,13.0,0.0,False,0
681911,2025-04-25,Los Angeles Dodgers,Pittsburgh Pirates,3,1,1,0.23076923076923078,9.0,0.0,False,0
681911,2025-04-27,Los Angeles Dodgers,Pittsburgh Pirates,3,1,1,0.2857142857142857,10.0,0.0,False,0
681911,2025-04-30,Los Angeles Dodgers,Miami Marlins,3,0,0,0.2857142857142857,7.0,,False,0
681911,2025-05-03,Los Angeles Dodgers,Atlanta Braves,4,1,1,0.29411764705882354,8.0,0.0,False,0
681911,2025-05-05,Los Angeles Dodgers,Miami Marlins,2,0,0,0.2,8.0,,False,0
681911,2025-05-06,Los Angeles Dodgers,Miami Marlins,3,0,0,0.13333333333333333,8.0,,True,2
681911,2025-05-09,Los Angeles Dodgers,Arizona Diamondbacks,5,2,8,0.17647058823529413,11.0,0.0,False,1
681911,2025-05-10,Los Angeles Dodgers,Arizona Diamondbacks,1,0,0,0.2,10.0,,True,1
681911,2025-05-14,Los Angeles Dodgers,Athletics,3,0,0,0.14285714285714285,9.0,,False,1
687221,2025-05-15,Los Angeles Dodgers,Athletics,4,2,2,0.5,2.0,,False,0
689017,2025-03-19,Los Angeles Dodgers,Chicago Cubs,7,1,1,0.14285714285714285,1.0,,False,1
689017,2025-04-09,Los Angeles Dodgers,Washington Nationals,10,4,8,0.29411764705882354,9.0,,False,0
689017,2025-04-15,Los Angeles Dodgers,Colorado Rockies,17,4,6,0.2647058823529412,15.0,0.0,False,0
689017,2025-05-07,Los Angeles Dodgers,Miami Marlins,19,4,5,0.24528301886792453,20.0,0.0,False,0
689017,2025-05-13,Los Angeles Dodgers,Athletics,20,7,14,0.273972602739726,34.0,0.0,False,1
808963,2025-03-19,Los Angeles Dodgers,Chicago Cubs,9,1,1,0.1111111111111111,1.0,,False,1
808963,2025-03-29,Los Angeles Dodgers,Detroit Tigers,8,3,3,0.23529411764705882,4.0,,False,0
808963,2025-04-05,Los Angeles Dodgers,Philadelphia Phillies,15,3,3,0.21875,7.0,0.0,False,0
808963,2025-04-12,Los Angeles Dodgers,Chicago Cubs,19,4,7,0.21568627450980393,14.0,0.0,False,0
808963,2025-04-19,Los Angeles Dodgers,Texas Rangers,19,2,5,0.18571428571428572,19.0,0.0,False,1
808963,2025-04-26,Los Angeles Dodgers,Pittsburgh Pirates,21,5,9,0.2073170731707317,28.0,0.0,False,1
808963,2025-05-03,Los Angeles Dodgers,Atlanta Braves,21,6,12,0.21052631578947367,40.0,0.0,False,1
808963,2025-05-09,Los Angeles Dodgers,Arizona Diamondbacks,17,5,13,0.2268041237113402,52.0,0.0,False,1
808967,2025-03-18,Los Angeles Dodgers,Chicago Cubs,18,3,4,0.16666666666666666,4.0,,False,1
808967,2025-03-28,Los Angeles Dodgers,Detroit Tigers,20,5,11,0.21052631578947367,15.0,,False,0
808967,2025-04-04,Los Angeles Dodgers,Philadelphia Phillies,19,3,4,0.19298245614035087,19.0,0.0,False,1
808967,2025-04-11,Los Angeles Dodgers,Chicago Cubs,19,2,3,0.17105263157894737,22.0,0.0,False,2
808967,2025-04-18,Los Angeles Dodgers,Texas Rangers,25,5,8,0.1782178217821782,30.0,0.0,False,2
808967,2025-04-25,Los Angeles Dodgers,Pittsburgh Pirates,20,5,5,0.1941747572815534,35.0,0.0,False,2
808967,2025-05-02,Los Angeles Dodgers,Atlanta Braves,19,1,2,0.1568627450980392,37.0,0.0,False,2
808967,2025-05-08,Los Angeles Dodgers,Arizona Diamondbacks,20,6,12,0.18446601941747573,45.0,0.0,False,2
808967,2025-05-14,Los Angeles Dodgers,Athletics,22,4,8,0.19811320754716982,42.0,0.0,False,2
808975,2025-05-03,Los Angeles Dodgers,Atlanta Braves,0,0,0,,0.0,,False,0
808975,2025-05-04,Los Angeles Dodgers,Atlanta Braves,0,0,0,,0.0,,True,1
808975,2025-05-05,Los Angeles Dodgers,Miami Marlins,4,2,2,0.5,2.0,0.0,True,1
808975,2025-05-06,Los Angeles Dodgers,Miami Marlins,4,1,1,0.375,3.0,0.0,True,1
808975,2025-05-07,Los Angeles Dodgers,Miami Marlins,4,2,2,0.4166666666666667,5.0,0.0,True,1
808975,2025-05-08,Los Angeles Dodgers,Arizona Diamondbacks,4,0,0,0.3125,5.0,,True,1
808975,2025-05-09,Los Angeles Dodgers,Arizona Diamondbacks,0,0,0,0.3125,5.0,,True,1
808975,2025-05-10,Los Angeles Dodgers,Arizona Diamondbacks,3,1,1,0.26666666666666666,6.0,0.0,True,1
808975,2025-05-11,Los Angeles Dodgers,Arizona Diamondbacks,3,1,1,0.2857142857142857,7.0,0.0,True,1
808975,2025-05-13,Los Angeles Dodgers,Athletics,1,0,0,0.18181818181818182,5.0,,False,1
808975,2025-05-14,Los Angeles Dodgers,Athletics,2,2,5,0.4444444444444444,9.0,0.0,True,1
808975,2025-05-15,Los Angeles Dodgers,Athletics,3,3,4,0.5833333333333334,11.0,0.0,True,1
