name,Player ID,Game Date,Team,Opponent,At Bats,Runs,Hits,Total Bases,Doubles,Triples,Home Runs,RBIs,Walks,Intentional Walks,Strikeouts,Stolen Bases,Caught Stealing,Batting Average,On Base %,Slugging %,Hit By Pitch,Sac Bunts,Sac Flies
Luis García,472610,2025-03-19,Los Angeles Dodgers,Chicago Cubs,5,1,2,2,0,0,0,0,1,0,2,0,0,0.4,0.5,0.4,0,0,0
Luis García,472610,2025-03-28,Los Angeles Dodgers,Detroit Tigers,4,2,1,3,0,1,0,0,1,1,0,0,0,0.333,0.4,0.75,0,0,0
Luis García,472610,2025-03-29,Los Angeles Dodgers,Detroit Tigers,7,1,2,4,0,1,0,0,0,0,2,0,0,0.313,0.286,0.571,0,0,0
Luis García,472610,2025-03-31,Los Angeles Dodgers,Atlanta Braves,4,0,1,1,0,0,0,0,0,0,2,0,0,0.3,0.25,0.25,0,0,0
Luis García,472610,2025-04-04,Los Angeles Dodgers,Philadelphia Phillies,4,0,0,0,0,0,0,0,1,1,1,0,0,0.25,0.2,0.0,0,0,0
Luis García,472610,2025-04-06,Los Angeles Dodgers,Philadelphia Phillies,2,0,0,0,0,0,0,0,3,0,0,0,0,0.231,0.6,0.0,0,0,0
Luis García,472610,2025-04-08,Los Angeles Dodgers,Washington Nationals,4,0,1,1,0,0,0,0,0,0,0,0,0,0.233,0.25,0.25,0,0,0
Luis García,472610,2025-04-12,Los Angeles Dodgers,Chicago Cubs,4,4,3,7,1,0,1,0,1,0,0,0,0,0.294,0.8,1.75,0,0,0
Luis García,472610,2025-04-15,Los Angeles Dodgers,Colorado Rockies,3,0,0,0,0,0,0,0,0,0,1,0,0,0.27,0.0,0.0,0,0,0
Luis García,472610,2025-04-20,Los Angeles Dodgers,Texas Rangers,2,0,0,0,0,0,0,0,1,0,1,0,0,0.256,0.333,0.0,0,0,0
Luis García,472610,2025-04-22,Los Angeles Dodgers,Chicago Cubs,4,0,1,2,1,0,0,0,0,0,3,0,0,0.256,0.25,0.5,0,0,0
Luis García,472610,2025-04-23,Los Angeles Dodgers,Chicago Cubs,3,0,1,1,0,0,0,0,1,0,1,1,0,0.261,0.5,0.333,0,0,0
Luis García,472610,2025-04-25,Los Angeles Dodgers,Pittsburgh Pirates,3,0,0,0,0,0,0,0,0,0,0,0,0,0.245,0.0,0.0,0,0,0
Luis García,472610,2025-04-27,Los Angeles Dodgers,Pittsburgh Pirates,2,0,0,0,0,0,0,0,0,0,1,0,0,0.235,0.0,0.0,0,0,0
Luis García,472610,2025-04-29,Los Angeles Dodgers,Miami Marlins,3,0,0,0,0,0,0,0,1,0,0,0,0,0.222,0.25,0.0,0,0,0
Luis García,472610,2025-05-03,Los Angeles Dodgers,Atlanta Braves,5,0,2,2,0,0,0,0,1,0,3,0,0,0.237,0.5,0.4,0,0,0
Luis García,472610,2025-05-04,Los Angeles Dodgers,Atlanta Braves,3,0,1,1,0,0,0,0,0,0,0,0,0,0.242,0.333,0.333,0,0,0
Luis García,472610,2025-05-06,Los Angeles Dodgers,Miami Marlins,5,2,3,5,2,0,0,0,0,0,1,0,1,0.269,0.6,1.0,0,0,0
Luis García,472610,2025-05-09,Los Angeles Dodgers,Arizona Diamondbacks,5,0,1,1,0,0,0,0,1,0,1,0,0,0.264,0.333,0.2,0,0,0
Luis García,472610,2025-05-13,Los Angeles Dodgers,Athletics,3,1,2,3,1,0,0,0,0,0,0,0,0,0.28,0.667,1.0,0,0,0
Kirby Yates,489446,2025-03-19,Los Angeles Dodgers,Chicago Cubs,4,0,1,1,0,0,0,0,0,0,2,0,0,0.25,0.25,0.25,0,0,0
Kirby Yates,489446,2025-03-28,Los Angeles Dodgers,Detroit Tigers,3,0,0,0,0,0,0,0,0,0,2,0,0,0.143,0.0,0.0,0,0,0
Kirby Yates,489446,2025-03-29,Los Angeles Dodgers,Detroit Tigers,3,0,0,0,0,0,0,0,0,0,3,0,0,0.1,0.0,0.0,0,0,0
Kirby Yates,489446,2025-04-02,Los Angeles Dodgers,Atlanta Braves,4,0,1,1,0,0,0,0,0,0,2,1,0,0.143,0.25,0.25,0,0,0
Kirby Yates,489446,2025-04-04,Los Angeles Dodgers,Philadelphia Phillies,4,2,2,3,1,0,0,0,1,0,1,0,0,0.222,0.6,0.75,0,0,0
Kirby Yates,489446,2025-04-06,Los Angeles Dodgers,Philadelphia Phillies,2,0,0,0,0,0,0,0,0,0,1,0,0,0.2,0.0,0.0,0,0,0
Kirby Yates,489446,2025-04-09,Los Angeles Dodgers,Washington Nationals,3,0,0,0,0,0,0,0,0,0,2,0,0,0.174,0.0,0.0,0,0,0
Kirby Yates,489446,2025-04-11,Los Angeles Dodgers,Chicago Cubs,3,0,0,0,0,0,0,0,0,0,2,0,0,0.154,0.0,0.0,0,0,0
Kirby Yates,489446,2025-04-14,Los Angeles Dodgers,Colorado Rockies,3,0,1,2,1,0,0,0,1,0,0,0,0,0.172,0.6,0.667,1,0,0
Kirby Yates,489446,2025-04-15,Los Angeles Dodgers,Colorado Rockies,4,0,1,2,1,0,0,0,1,0,3,0,0,0.182,0.4,0.5,0,0,0
Kirby Yates,489446,2025-04-18,Los Angeles Dodgers,Texas Rangers,3,0,0,0,0,0,0,0,0,0,2,0,0,0.167,0.0,0.0,0,0,0
Kirby Yates,489446,2025-04-19,Los Angeles Dodgers,Texas Rangers,2,2,2,6,1,0,1,0,0,0,0,0,0,0.211,1.0,3.0,0,0,0
Kirby Yates,489446,2025-04-22,Los Angeles Dodgers,Chicago Cubs,1,0,0,0,0,0,0,0,1,0,1,1,0,0.205,0.5,0.0,0,0,0
Kirby Yates,489446,2025-04-23,Los Angeles Dodgers,Chicago Cubs,3,0,0,0,0,0,0,0,0,0,2,0,0,0.19,0.0,0.0,0,0,0
Kirby Yates,489446,2025-04-26,Los Angeles Dodgers,Pittsburgh Pirates,4,0,1,2,1,0,0,0,1,0,1,0,0,0.196,0.4,0.5,0,0,0
Kirby Yates,489446,2025-04-28,Los Angeles Dodgers,Miami Marlins,4,1,1,2,1,0,0,0,0,0,0,0,0,0.2,0.25,0.5,0,0,0
Kirby Yates,489446,2025-05-02,Los Angeles Dodgers,Atlanta Braves,4,1,1,4,0,0,1,0,0,0,1,0,0,0.204,0.25,1.0,0,0,0
Kirby Yates,489446,2025-05-03,Los Angeles Dodgers,Atlanta Braves,3,0,1,2,1,0,0,0,0,0,1,0,0,0.211,0.333,0.667,0,0,0
Kirby Yates,489446,2025-05-05,Los Angeles Dodgers,Miami Marlins,3,0,0,0,0,0,0,0,0,0,2,0,0,0.2,0.0,0.0,0,0,0
Kirby Yates,489446,2025-05-10,Los Angeles Dodgers,Arizona Diamondbacks,5,1,2,4,2,0,0,0,0,0,2,0,0,0.215,0.4,0.8,0,0,0
Kirby Yates,489446,2025-05-14,Los Angeles Dodgers,Athletics,4,0,1,2,1,0,0,0,0,0,1,0,0,0.217,0.25,0.5,0,0,0
Miguel Rojas,500743,2025-03-18,Los Angeles Dodgers,Chicago Cubs,4,0,1,1,0,0,0,0,0,0,1,0,0,0.25,0.25,0.25,0,0,0
Miguel Rojas,500743,2025-03-19,Los Angeles Dodgers,Chicago Cubs,3,0,0,0,0,0,0,0,1,0,1,0,0,0.143,0.25,0.143,0,0,0
Miguel Rojas,500743,2025-03-27,Los Angeles Dodgers,Detroit Tigers,3,0,0,0,0,0,0,0,0,0,0,0,0,0.1,0.182,0.1,0,0,0
Miguel Rojas,500743,2025-03-29,Los Angeles Dodgers,Detroit Tigers,3,0,0,0,0,0,0,0,0,0,0,0,0,0.077,0.143,0.077,0,0,0
Miguel Rojas,500743,2025-04-01,Los Angeles Dodgers,Atlanta Braves,3,0,0,0,0,0,0,0,0,0,1,0,0,0.063,0.118,0.063,0,0,0
Miguel Rojas,500743,2025-04-04,Los Angeles Dodgers,Philadelphia Phillies,3,0,1,1,0,0,0,0,0,0,0,0,0,0.105,0.15,0.105,0,0,0
Miguel Rojas,500743,2025-04-07,Los Angeles Dodgers,Washington Nationals,3,0,0,0,0,0,0,0,0,0,0,0,0,0.091,0.13,0.091,0,0,0
Miguel Rojas,500743,2025-04-08,Los Angeles Dodgers,Washington Nationals,2,0,1,1,0,0,0,0,0,0,0,0,0,0.125,0.16,0.125,0,0,0
Miguel Rojas,500743,2025-04-11,Los Angeles Dodgers,Chicago Cubs,3,0,2,2,0,0,0,0,0,0,0,0,0,0.185,0.214,0.185,0,0,0
Miguel Rojas,500743,2025-04-12,Los Angeles Dodgers,Chicago Cubs,1,0,0,0,0,0,0,0,0,0,0,0,0,0.179,0.207,0.179,0,0,0
Miguel Rojas,500743,2025-04-13,Los Angeles Dodgers,Chicago Cubs,3,0,0,0,0,0,0,0,0,0,0,0,0,0.161,0.188,0.161,0,0,0
Miguel Rojas,500743,2025-04-20,Los Angeles Dodgers,Texas Rangers,3,0,0,0,0,0,0,0,0,0,1,0,0,0.147,0.171,0.147,0,0,0
Miguel Rojas,500743,2025-04-23,Los Angeles Dodgers,Chicago Cubs,3,1,1,1,0,0,0,0,0,0,2,0,0,0.162,0.184,0.162,0,0,0
Miguel Rojas,500743,2025-04-27,Los Angeles Dodgers,Pittsburgh Pirates,1,0,1,1,0,0,0,0,0,0,0,0,0,0.184,0.205,0.184,0,0,0
Miguel Rojas,500743,2025-04-28,Los Angeles Dodgers,Miami Marlins,3,0,3,4,1,0,0,1,0,0,0,0,0,0.244,0.262,0.268,0,0,0
Miguel Rojas,500743,2025-04-29,Los Angeles Dodgers,Miami Marlins,2,0,1,1,0,0,0,1,0,0,0,0,0,0.256,0.273,0.279,0,0,0
Miguel Rojas,500743,2025-04-30,Los Angeles Dodgers,Miami Marlins,1,1,1,2,1,0,0,0,0,0,0,0,0,0.273,0.289,0.318,0,0,0
Miguel Rojas,500743,2025-05-02,Los Angeles Dodgers,Atlanta Braves,3,0,0,0,0,0,0,0,0,0,1,0,0,0.255,0.271,0.298,0,0,0
Miguel Rojas,500743,2025-05-04,Los Angeles Dodgers,Atlanta Braves,2,1,1,4,0,0,1,1,0,0,1,0,0,0.265,0.28,0.367,0,0,0
Miguel Rojas,500743,2025-05-06,Los Angeles Dodgers,Miami Marlins,3,0,0,0,0,0,0,0,0,0,1,0,0,0.25,0.264,0.346,0,0,0
Miguel Rojas,500743,2025-05-07,Los Angeles Dodgers,Miami Marlins,0,0,0,0,0,0,0,0,0,0,0,0,0,0.25,0.264,0.346,0,0,0
Miguel Rojas,500743,2025-05-09,Los Angeles Dodgers,Arizona Diamondbacks,2,2,1,1,0,0,0,0,1,0,0,0,0,0.259,0.286,0.352,0,0,0
Miguel Rojas,500743,2025-05-11,Los Angeles Dodgers,Arizona Diamondbacks,2,0,1,1,0,0,0,0,0,0,0,0,0,0.268,0.293,0.357,0,0,0
Miguel Rojas,500743,2025-05-13,Los Angeles Dodgers,Athletics,4,0,0,0,0,0,0,0,0,0,0,0,0,0.25,0.274,0.333,0,0,0
Miguel Rojas,500743,2025-05-14,Los Angeles Dodgers,Athletics,1,0,1,2,1,0,0,1,0,0,0,0,0,0.262,0.286,0.361,0,1,0
Miguel Rojas,500743,2025-05-15,Los Angeles Dodgers,Athletics,3,0,1,1,0,0,0,1,0,0,0,0,0,0.266,0.288,0.359,0,0,0
Freddie Freeman,518692,2025-03-27,Los Angeles Dodgers,Detroit Tigers,4,0,0,0,0,0,0,0,0,0,0,0,0,0.0,0.0,0.0,0,0,0
Freddie Freeman,518692,2025-03-28,Los Angeles Dodgers,Detroit Tigers,4,1,1,4,0,0,1,2,0,0,0,0,0,0.125,0.125,0.5,0,0,0
Freddie Freeman,518692,2025-03-29,Los Angeles Dodgers,Detroit Tigers,4,1,2,6,1,0,1,2,0,0,0,0,0,0.25,0.25,0.833,0,0,0
Freddie Freeman,518692,2025-04-11,Los Angeles Dodgers,Chicago Cubs,3,1,0,0,0,0,0,0,0,0,2,0,0,0.2,0.25,0.667,1,0,0
Freddie Freeman,518692,2025-04-12,Los Angeles Dodgers,Chicago Cubs,3,0,1,1,0,0,0,0,0,0,1,0,0,0.222,0.263,0.611,0,0,0
Freddie Freeman,518692,2025-04-13,Los Angeles Dodgers,Chicago Cubs,1,0,0,0,0,0,0,0,0,0,0,0,0,0.211,0.25,0.579,0,0,0
Freddie Freeman,518692,2025-04-14,Los Angeles Dodgers,Colorado Rockies,5,0,2,3,1,0,0,0,0,0,0,0,0,0.25,0.28,0.583,0,0,0
Freddie Freeman,518692,2025-04-15,Los Angeles Dodgers,Colorado Rockies,3,1,2,2,0,0,0,1,2,0,0,0,1,0.296,0.367,0.593,0,0,0
Freddie Freeman,518692,2025-04-16,Los Angeles Dodgers,Colorado Rockies,3,1,2,6,1,0,1,1,1,0,0,0,0,0.333,0.412,0.733,0,0,0
Freddie Freeman,518692,2025-04-18,Los Angeles Dodgers,Texas Rangers,3,0,0,0,0,0,0,0,1,1,1,0,0,0.303,0.395,0.667,0,0,0
Freddie Freeman,518692,2025-04-19,Los Angeles Dodgers,Texas Rangers,4,1,1,4,0,0,1,2,0,0,2,0,0,0.297,0.381,0.703,0,0,0
Freddie Freeman,518692,2025-04-20,Los Angeles Dodgers,Texas Rangers,2,0,0,0,0,0,0,1,1,0,1,0,0,0.282,0.37,0.667,0,0,1
Freddie Freeman,518692,2025-04-22,Los Angeles Dodgers,Chicago Cubs,5,1,1,2,1,0,0,2,0,0,2,0,0,0.273,0.353,0.636,0,0,0
Freddie Freeman,518692,2025-04-23,Los Angeles Dodgers,Chicago Cubs,4,0,0,0,0,0,0,0,0,0,1,0,0,0.25,0.327,0.583,0,0,0
Freddie Freeman,518692,2025-04-25,Los Angeles Dodgers,Pittsburgh Pirates,4,0,2,3,1,0,0,0,0,0,1,0,0,0.269,0.339,0.596,0,0,0
Freddie Freeman,518692,2025-04-26,Los Angeles Dodgers,Pittsburgh Pirates,4,0,1,1,0,0,0,1,1,0,1,0,0,0.268,0.344,0.571,0,0,0
Freddie Freeman,518692,2025-04-27,Los Angeles Dodgers,Pittsburgh Pirates,4,2,2,2,0,0,0,2,0,0,0,0,0,0.283,0.353,0.567,0,0,0
Freddie Freeman,518692,2025-04-28,Los Angeles Dodgers,Miami Marlins,3,1,1,1,0,0,0,1,2,0,1,0,0,0.286,0.37,0.556,0,0,0
Freddie Freeman,518692,2025-04-29,Los Angeles Dodgers,Miami Marlins,2,2,2,4,2,0,0,0,2,0,0,0,0,0.308,0.403,0.6,0,0,0
Freddie Freeman,518692,2025-04-30,Los Angeles Dodgers,Miami Marlins,4,1,2,5,0,0,1,2,0,0,0,0,0,0.319,0.407,0.638,0,0,0
Freddie Freeman,518692,2025-05-02,Los Angeles Dodgers,Atlanta Braves,3,0,1,1,0,0,0,0,1,0,1,0,0,0.319,0.412,0.625,0,0,0
Freddie Freeman,518692,2025-05-03,Los Angeles Dodgers,Atlanta Braves,5,2,3,6,0,0,1,4,0,0,0,0,0,0.338,0.422,0.662,0,0,0
Freddie Freeman,518692,2025-05-04,Los Angeles Dodgers,Atlanta Braves,4,0,1,1,0,0,0,0,0,0,1,0,0,0.333,0.415,0.642,0,0,0
Freddie Freeman,518692,2025-05-05,Los Angeles Dodgers,Miami Marlins,5,1,2,5,0,0,1,2,0,0,0,0,0,0.337,0.414,0.663,0,0,0
Freddie Freeman,518692,2025-05-06,Los Angeles Dodgers,Miami Marlins,4,1,2,5,0,0,1,2,1,1,1,0,0,0.344,0.423,0.689,0,0,0
Freddie Freeman,518692,2025-05-07,Los Angeles Dodgers,Miami Marlins,4,1,3,5,0,1,0,4,0,0,0,0,0,0.362,0.435,0.713,0,0,0
Freddie Freeman,518692,2025-05-08,Los Angeles Dodgers,Arizona Diamondbacks,3,0,1,1,0,0,0,0,1,0,1,0,0,0.361,0.438,0.701,0,0,0
Freddie Freeman,518692,2025-05-09,Los Angeles Dodgers,Arizona Diamondbacks,4,2,2,3,1,0,0,1,0,0,2,0,0,0.366,0.436,0.703,0,0,1
Freddie Freeman,518692,2025-05-10,Los Angeles Dodgers,Arizona Diamondbacks,4,0,0,0,0,0,0,0,0,0,1,0,0,0.352,0.421,0.676,0,0,0
Freddie Freeman,518692,2025-05-11,Los Angeles Dodgers,Arizona Diamondbacks,4,2,4,9,2,0,1,3,0,0,0,0,0,0.376,0.437,0.734,0,0,1
Freddie Freeman,518692,2025-05-13,Los Angeles Dodgers,Athletics,3,0,0,0,0,0,0,0,1,0,1,0,0,0.366,0.431,0.714,0,0,0
Freddie Freeman,518692,2025-05-14,Los Angeles Dodgers,Athletics,4,1,1,1,0,0,0,0,1,0,3,0,0,0.362,0.43,0.698,0,0,0
Freddie Freeman,518692,2025-05-15,Los Angeles Dodgers,Athletics,3,1,2,2,0,0,0,1,0,0,0,0,0,0.37,0.435,0.697,0,0,0
Enrique Hernández,571771,2025-03-18,Los Angeles Dodgers,Chicago Cubs,5,0,0,0,0,0,0,0,0,0,1,0,0,0.0,0.0,0.0,0,0,0
Enrique Hernández,571771,2025-03-19,Los Angeles Dodgers,Chicago Cubs,3,1,1,4,0,0,1,3,0,0,1,0,0,0.125,0.111,0.5,0,0,1
Enrique Hernández,571771,2025-03-31,Los Angeles Dodgers,Atlanta Braves,4,1,1,4,0,0,1,1,0,0,0,0,0,0.167,0.154,0.667,0,0,0
Enrique Hernández,571771,2025-04-01,Los Angeles Dodgers,Atlanta Braves,3,0,0,0,0,0,0,0,0,0,2,0,0,0.133,0.125,0.533,0,0,0
Enrique Hernández,571771,2025-04-02,Los Angeles Dodgers,Atlanta Braves,4,0,0,0,0,0,0,0,0,0,1,0,0,0.105,0.1,0.421,0,0,0
Enrique Hernández,571771,2025-04-04,Los Angeles Dodgers,Philadelphia Phillies,3,0,0,0,0,0,0,0,0,0,3,0,0,0.091,0.087,0.364,0,0,0
Enrique Hernández,571771,2025-04-05,Los Angeles Dodgers,Philadelphia Phillies,4,1,1,4,0,0,1,2,0,0,1,0,0,0.115,0.111,0.462,0,0,0
Enrique Hernández,571771,2025-04-06,Los Angeles Dodgers,Philadelphia Phillies,3,0,0,0,0,0,0,0,1,0,0,0,0,0.103,0.129,0.414,0,0,0
Enrique Hernández,571771,2025-04-07,Los Angeles Dodgers,Washington Nationals,4,0,0,0,0,0,0,0,0,0,3,0,0,0.091,0.114,0.364,0,0,0
Enrique Hernández,571771,2025-04-08,Los Angeles Dodgers,Washington Nationals,3,1,1,4,0,0,1,1,1,0,1,0,0,0.111,0.154,0.444,0,0,0
Enrique Hernández,571771,2025-04-09,Los Angeles Dodgers,Washington Nationals,3,0,0,0,0,0,0,0,1,0,1,0,0,0.103,0.163,0.41,0,0,0
Enrique Hernández,571771,2025-04-12,Los Angeles Dodgers,Chicago Cubs,1,0,0,0,0,0,0,0,0,0,0,0,0,0.1,0.159,0.4,0,0,0
Enrique Hernández,571771,2025-04-13,Los Angeles Dodgers,Chicago Cubs,4,0,1,1,0,0,0,1,0,0,2,0,0,0.114,0.167,0.386,0,0,0
Enrique Hernández,571771,2025-04-14,Los Angeles Dodgers,Colorado Rockies,4,0,1,1,0,0,0,0,0,0,1,0,0,0.125,0.173,0.375,0,0,0
Enrique Hernández,571771,2025-04-15,Los Angeles Dodgers,Colorado Rockies,0,0,0,0,0,0,0,0,1,0,0,0,0,0.125,0.189,0.375,0,0,0
Enrique Hernández,571771,2025-04-18,Los Angeles Dodgers,Texas Rangers,1,0,0,0,0,0,0,0,0,0,0,0,0,0.122,0.185,0.367,0,0,0
Enrique Hernández,571771,2025-04-19,Los Angeles Dodgers,Texas Rangers,1,0,1,2,1,0,0,0,0,0,0,0,0,0.14,0.2,0.4,0,0,0
Enrique Hernández,571771,2025-04-22,Los Angeles Dodgers,Chicago Cubs,4,0,0,0,0,0,0,0,0,0,2,0,0,0.13,0.186,0.37,0,0,0
Enrique Hernández,571771,2025-04-26,Los Angeles Dodgers,Pittsburgh Pirates,1,1,1,4,0,0,1,3,0,0,0,0,0,0.145,0.2,0.436,0,0,0
Enrique Hernández,571771,2025-04-27,Los Angeles Dodgers,Pittsburgh Pirates,3,1,1,1,0,0,0,0,1,0,0,0,0,0.155,0.219,0.431,0,0,0
Enrique Hernández,571771,2025-04-28,Los Angeles Dodgers,Miami Marlins,0,0,0,0,0,0,0,0,0,0,0,0,0,0.155,0.219,0.431,0,1,0
Enrique Hernández,571771,2025-04-29,Los Angeles Dodgers,Miami Marlins,1,2,1,1,0,0,0,0,1,0,0,0,0,0.169,0.242,0.441,0,0,0
Enrique Hernández,571771,2025-04-30,Los Angeles Dodgers,Miami Marlins,5,0,2,2,0,0,0,2,0,0,1,0,0,0.188,0.254,0.438,0,0,0
Enrique Hernández,571771,2025-05-03,Los Angeles Dodgers,Atlanta Braves,0,0,0,0,0,0,0,0,0,0,0,0,0,0.188,0.254,0.438,0,0,0
Enrique Hernández,571771,2025-05-04,Los Angeles Dodgers,Atlanta Braves,3,0,0,0,0,0,0,0,0,0,1,0,0,0.179,0.243,0.418,0,0,0
Enrique Hernández,571771,2025-05-05,Los Angeles Dodgers,Miami Marlins,0,0,0,0,0,0,0,0,0,0,0,0,0,0.179,0.243,0.418,0,0,0
Enrique Hernández,571771,2025-05-06,Los Angeles Dodgers,Miami Marlins,0,0,0,0,0,0,0,0,0,0,0,0,0,0.179,0.243,0.418,0,0,0
Enrique Hernández,571771,2025-05-07,Los Angeles Dodgers,Miami Marlins,5,1,2,2,0,0,0,0,0,0,1,0,0,0.194,0.253,0.417,0,0,0
Enrique Hernández,571771,2025-05-08,Los Angeles Dodgers,Arizona Diamondbacks,2,0,0,0,0,0,0,0,0,0,1,0,0,0.189,0.247,0.405,0,0,0
Enrique Hernández,571771,2025-05-09,Los Angeles Dodgers,Arizona Diamondbacks,5,3,3,7,1,0,1,2,0,0,0,0,0,0.215,0.267,0.468,0,0,0
Enrique Hernández,571771,2025-05-10,Los Angeles Dodgers,Arizona Diamondbacks,3,0,0,0,0,0,0,0,0,0,1,0,0,0.207,0.258,0.451,0,0,0
Enrique Hernández,571771,2025-05-11,Los Angeles Dodgers,Arizona Diamondbacks,2,0,1,1,0,0,0,0,0,0,0,0,0,0.214,0.264,0.452,0,0,0
Enrique Hernández,571771,2025-05-13,Los Angeles Dodgers,Athletics,4,0,1,1,0,0,0,0,0,0,0,0,0,0.216,0.263,0.443,0,0,0
Enrique Hernández,571771,2025-05-14,Los Angeles Dodgers,Athletics,2,1,1,1,0,0,0,0,0,0,0,0,0,0.222,0.268,0.444,0,0,0
Enrique Hernández,571771,2025-05-15,Los Angeles Dodgers,Athletics,2,0,0,0,0,0,0,0,1,0,1,0,0,0.217,0.27,0.435,0,0,0
Max Muncy,571970,2025-03-18,Los Angeles Dodgers,Chicago Cubs,3,0,0,0,0,0,0,0,2,0,2,0,0,0.0,0.4,0.0,0,0,0
Max Muncy,571970,2025-03-19,Los Angeles Dodgers,Chicago Cubs,4,1,1,2,1,0,0,0,0,0,1,0,0,0.143,0.333,0.286,0,0,0
Max Muncy,571970,2025-03-27,Los Angeles Dodgers,Detroit Tigers,3,0,0,0,0,0,0,0,0,0,2,0,0,0.1,0.25,0.2,0,0,0
Max Muncy,571970,2025-03-28,Los Angeles Dodgers,Detroit Tigers,4,0,0,0,0,0,0,0,0,0,3,0,0,0.071,0.188,0.143,0,0,0
Max Muncy,571970,2025-03-29,Los Angeles Dodgers,Detroit Tigers,4,0,0,0,0,0,0,0,0,0,1,0,0,0.056,0.15,0.111,0,0,0
Max Muncy,571970,2025-03-31,Los Angeles Dodgers,Atlanta Braves,3,0,1,1,0,0,0,0,1,0,1,0,0,0.095,0.208,0.143,0,0,0
Max Muncy,571970,2025-04-02,Los Angeles Dodgers,Atlanta Braves,4,0,1,2,1,0,0,2,0,0,1,0,0,0.12,0.214,0.2,0,0,0
Max Muncy,571970,2025-04-04,Los Angeles Dodgers,Philadelphia Phillies,1,0,0,0,0,0,0,0,0,0,1,0,0,0.115,0.207,0.192,0,0,0
Max Muncy,571970,2025-04-05,Los Angeles Dodgers,Philadelphia Phillies,4,1,3,4,1,0,0,0,0,0,0,0,0,0.2,0.273,0.3,0,0,0
Max Muncy,571970,2025-04-06,Los Angeles Dodgers,Philadelphia Phillies,4,0,0,0,0,0,0,0,0,0,1,0,0,0.176,0.243,0.265,0,0,0
Max Muncy,571970,2025-04-07,Los Angeles Dodgers,Washington Nationals,4,0,1,2,1,0,0,0,0,0,2,0,0,0.184,0.244,0.289,0,0,0
Max Muncy,571970,2025-04-08,Los Angeles Dodgers,Washington Nationals,4,0,1,1,0,0,0,0,0,0,3,0,0,0.19,0.244,0.286,0,0,0
Max Muncy,571970,2025-04-09,Los Angeles Dodgers,Washington Nationals,4,0,0,0,0,0,0,0,0,0,3,0,0,0.174,0.224,0.261,0,0,0
Max Muncy,571970,2025-04-12,Los Angeles Dodgers,Chicago Cubs,3,0,1,1,0,0,0,0,0,0,1,0,0,0.184,0.231,0.265,0,0,0
Max Muncy,571970,2025-04-13,Los Angeles Dodgers,Chicago Cubs,2,0,0,0,0,0,0,1,1,0,2,0,0,0.176,0.232,0.255,0,0,1
Max Muncy,571970,2025-04-14,Los Angeles Dodgers,Colorado Rockies,1,0,0,0,0,0,0,0,2,0,1,0,0,0.173,0.267,0.25,1,0,0
Max Muncy,571970,2025-04-15,Los Angeles Dodgers,Colorado Rockies,2,0,0,0,0,0,0,0,2,0,0,0,0,0.167,0.281,0.241,0,0,0
Max Muncy,571970,2025-04-16,Los Angeles Dodgers,Colorado Rockies,3,2,2,2,0,0,0,0,1,0,0,0,0,0.193,0.309,0.263,0,0,0
Max Muncy,571970,2025-04-18,Los Angeles Dodgers,Texas Rangers,4,0,1,1,0,0,0,0,0,0,0,0,0,0.197,0.306,0.262,0,0,0
Max Muncy,571970,2025-04-19,Los Angeles Dodgers,Texas Rangers,3,0,1,2,1,0,0,1,0,0,2,0,0,0.203,0.307,0.281,0,0,0
Max Muncy,571970,2025-04-20,Los Angeles Dodgers,Texas Rangers,4,0,0,0,0,0,0,0,0,0,1,0,0,0.191,0.291,0.265,0,0,0
Max Muncy,571970,2025-04-22,Los Angeles Dodgers,Chicago Cubs,4,0,0,0,0,0,0,0,1,0,2,0,0,0.181,0.286,0.25,0,0,0
Max Muncy,571970,2025-04-23,Los Angeles Dodgers,Chicago Cubs,1,0,0,0,0,0,0,0,0,0,1,0,0,0.178,0.282,0.247,0,0,0
Max Muncy,571970,2025-04-25,Los Angeles Dodgers,Pittsburgh Pirates,3,0,0,0,0,0,0,0,0,0,1,0,0,0.171,0.273,0.237,0,0,0
Max Muncy,571970,2025-04-26,Los Angeles Dodgers,Pittsburgh Pirates,2,0,0,0,0,0,0,0,2,0,1,0,0,0.167,0.283,0.231,0,0,0
Max Muncy,571970,2025-04-27,Los Angeles Dodgers,Pittsburgh Pirates,3,0,1,1,0,0,0,0,1,0,0,0,0,0.173,0.292,0.235,0,0,0
Max Muncy,571970,2025-04-28,Los Angeles Dodgers,Miami Marlins,4,1,2,2,0,0,0,0,0,0,0,0,0,0.188,0.3,0.247,0,0,0
Max Muncy,571970,2025-04-29,Los Angeles Dodgers,Miami Marlins,4,0,0,0,0,0,0,0,1,0,1,0,0,0.18,0.295,0.236,0,0,0
Max Muncy,571970,2025-04-30,Los Angeles Dodgers,Miami Marlins,4,2,2,7,0,1,1,1,1,0,1,0,0,0.194,0.309,0.301,0,0,0
Max Muncy,571970,2025-05-02,Los Angeles Dodgers,Atlanta Braves,3,0,0,0,0,0,0,0,0,0,2,0,0,0.188,0.301,0.292,0,0,0
Max Muncy,571970,2025-05-03,Los Angeles Dodgers,Atlanta Braves,2,0,0,0,0,0,0,0,2,0,0,0,0,0.184,0.314,0.286,1,0,0
Max Muncy,571970,2025-05-04,Los Angeles Dodgers,Atlanta Braves,4,0,1,2,1,0,0,2,0,0,1,0,0,0.186,0.311,0.294,0,0,0
Max Muncy,571970,2025-05-05,Los Angeles Dodgers,Miami Marlins,4,0,0,0,0,0,0,0,0,0,2,0,0,0.179,0.302,0.283,0,0,0
Max Muncy,571970,2025-05-06,Los Angeles Dodgers,Miami Marlins,2,0,0,0,0,0,0,0,2,0,1,1,0,0.176,0.308,0.278,0,0,0
Max Muncy,571970,2025-05-07,Los Angeles Dodgers,Miami Marlins,5,1,1,1,0,0,0,0,0,0,2,0,0,0.177,0.304,0.274,0,0,0
Max Muncy,571970,2025-05-08,Los Angeles Dodgers,Arizona Diamondbacks,4,0,2,3,1,0,0,1,0,0,0,0,0,0.188,0.309,0.291,0,0,0
Max Muncy,571970,2025-05-09,Los Angeles Dodgers,Arizona Diamondbacks,2,0,1,1,0,0,0,1,0,0,0,0,0,0.193,0.312,0.294,0,0,0
Max Muncy,571970,2025-05-10,Los Angeles Dodgers,Arizona Diamondbacks,3,0,1,1,0,0,0,0,1,0,0,0,0,0.197,0.317,0.295,0,0,0
Max Muncy,571970,2025-05-11,Los Angeles Dodgers,Arizona Diamondbacks,4,0,0,0,0,0,0,0,1,0,1,0,0,0.19,0.313,0.286,0,0,0
Max Muncy,571970,2025-05-14,Los Angeles Dodgers,Athletics,5,1,1,4,0,0,1,3,0,0,1,0,0,0.191,0.31,0.305,0,0,0
Max Muncy,571970,2025-05-15,Los Angeles Dodgers,Athletics,4,2,3,6,0,0,1,4,1,0,0,0,0,0.207,0.323,0.341,0,0,1
Blake Treinen,595014,2025-03-18,Los Angeles Dodgers,Chicago Cubs,3,0,0,0,0,0,0,0,0,0,2,1,0,0.0,0.25,0.0,1,0,0
Blake Treinen,595014,2025-03-27,Los Angeles Dodgers,Detroit Tigers,4,0,1,1,0,0,0,0,1,0,2,1,0,0.143,0.4,0.25,0,0,0
Blake Treinen,595014,2025-03-29,Los Angeles Dodgers,Detroit Tigers,4,0,1,1,0,0,0,0,0,0,2,0,0,0.182,0.25,0.25,0,0,0
Blake Treinen,595014,2025-04-01,Los Angeles Dodgers,Atlanta Braves,4,0,1,1,0,0,0,0,0,0,1,1,0,0.2,0.25,0.25,0,0,0
Blake Treinen,595014,2025-04-06,Los Angeles Dodgers,Philadelphia Phillies,5,2,2,3,1,0,0,0,1,0,0,0,0,0.25,0.5,0.6,0,0,0
Blake Treinen,595014,2025-04-09,Los Angeles Dodgers,Washington Nationals,4,0,1,1,0,0,0,0,1,0,0,2,0,0.25,0.4,0.25,0,0,0
Blake Treinen,595014,2025-04-11,Los Angeles Dodgers,Chicago Cubs,3,0,0,0,0,0,0,0,0,0,0,0,0,0.222,0.0,0.0,0,0,0
Blake Treinen,595014,2025-04-13,Los Angeles Dodgers,Chicago Cubs,5,1,2,5,0,0,1,0,0,0,3,0,0,0.25,0.4,1.0,0,0,0
Austin Barnes,605131,2025-03-28,Los Angeles Dodgers,Detroit Tigers,3,0,0,0,0,0,0,0,0,0,2,0,0,0.0,0.0,0.0,0,0,0
Austin Barnes,605131,2025-04-05,Los Angeles Dodgers,Philadelphia Phillies,3,0,0,0,0,0,0,0,0,0,0,0,0,0.0,0.0,0.0,0,0,0
Austin Barnes,605131,2025-04-08,Los Angeles Dodgers,Washington Nationals,4,0,0,0,0,0,0,0,0,0,2,0,0,0.0,0.0,0.0,0,0,0
Austin Barnes,605131,2025-04-12,Los Angeles Dodgers,Chicago Cubs,3,0,0,0,0,0,0,0,0,0,1,0,0,0.0,0.0,0.0,0,0,0
Austin Barnes,605131,2025-04-16,Los Angeles Dodgers,Colorado Rockies,4,1,1,2,1,0,0,2,0,0,2,0,0,0.059,0.059,0.118,0,0,0
Austin Barnes,605131,2025-04-20,Los Angeles Dodgers,Texas Rangers,2,0,1,1,0,0,0,0,0,0,0,0,0,0.105,0.105,0.158,0,0,0
Austin Barnes,605131,2025-04-23,Los Angeles Dodgers,Chicago Cubs,4,1,2,3,1,0,0,0,0,0,0,0,0,0.174,0.174,0.261,0,0,0
Austin Barnes,605131,2025-04-27,Los Angeles Dodgers,Pittsburgh Pirates,3,0,0,0,0,0,0,0,1,0,0,0,0,0.154,0.185,0.231,0,0,0
Austin Barnes,605131,2025-04-29,Los Angeles Dodgers,Miami Marlins,1,1,1,1,0,0,0,0,0,0,0,0,0,0.185,0.214,0.259,0,0,0
Austin Barnes,605131,2025-04-30,Los Angeles Dodgers,Miami Marlins,5,1,3,3,0,0,0,0,0,0,1,0,0,0.25,0.273,0.313,0,0,0
Austin Barnes,605131,2025-05-04,Los Angeles Dodgers,Atlanta Braves,4,0,1,2,1,0,0,0,0,0,2,0,0,0.25,0.27,0.333,0,0,0
Austin Barnes,605131,2025-05-07,Los Angeles Dodgers,Miami Marlins,4,0,0,0,0,0,0,0,0,0,3,0,0,0.225,0.244,0.3,0,0,0
Austin Barnes,605131,2025-05-10,Los Angeles Dodgers,Arizona Diamondbacks,2,0,0,0,0,0,0,0,0,0,1,0,0,0.214,0.233,0.286,0,1,0
Mookie Betts,605141,2025-03-27,Los Angeles Dodgers,Detroit Tigers,3,1,1,1,0,0,0,0,1,0,0,0,0,0.333,0.5,0.333,0,0,0
Mookie Betts,605141,2025-03-28,Los Angeles Dodgers,Detroit Tigers,5,3,3,9,0,0,2,4,0,0,0,0,0,0.5,0.556,1.25,0,0,0
Mookie Betts,605141,2025-03-31,Los Angeles Dodgers,Atlanta Braves,5,1,1,1,0,0,0,0,0,0,0,0,0,0.385,0.429,0.846,0,0,0
Mookie Betts,605141,2025-04-01,Los Angeles Dodgers,Atlanta Braves,3,1,1,4,0,0,1,2,0,0,1,0,0,0.375,0.444,0.938,1,0,0
Mookie Betts,605141,2025-04-02,Los Angeles Dodgers,Atlanta Braves,4,0,0,0,0,0,0,0,0,0,0,0,0,0.3,0.364,0.75,0,0,0
Mookie Betts,605141,2025-04-04,Los Angeles Dodgers,Philadelphia Phillies,3,1,0,0,0,0,0,0,1,0,1,1,0,0.261,0.346,0.652,0,0,0
Mookie Betts,605141,2025-04-05,Los Angeles Dodgers,Philadelphia Phillies,4,0,2,2,0,0,0,0,0,0,0,0,0,0.296,0.367,0.63,0,0,0
Mookie Betts,605141,2025-04-06,Los Angeles Dodgers,Philadelphia Phillies,5,1,2,3,1,0,0,1,0,0,2,0,0,0.313,0.371,0.625,0,0,0
Mookie Betts,605141,2025-04-07,Los Angeles Dodgers,Washington Nationals,4,1,1,1,0,0,0,1,1,0,0,0,0,0.306,0.375,0.583,0,0,0
Mookie Betts,605141,2025-04-08,Los Angeles Dodgers,Washington Nationals,2,0,1,1,0,0,0,0,1,0,0,0,0,0.316,0.395,0.579,0,0,0
Mookie Betts,605141,2025-04-09,Los Angeles Dodgers,Washington Nationals,4,1,1,1,0,0,0,0,1,0,0,0,0,0.31,0.396,0.548,0,0,0
Mookie Betts,605141,2025-04-11,Los Angeles Dodgers,Chicago Cubs,3,0,1,1,0,0,0,0,1,0,0,0,0,0.311,0.404,0.533,0,0,0
Mookie Betts,605141,2025-04-12,Los Angeles Dodgers,Chicago Cubs,4,0,0,0,0,0,0,0,0,0,0,0,0,0.286,0.375,0.49,0,0,0
Mookie Betts,605141,2025-04-13,Los Angeles Dodgers,Chicago Cubs,3,0,1,1,0,0,0,0,1,0,1,0,0,0.288,0.383,0.481,0,0,0
Mookie Betts,605141,2025-04-14,Los Angeles Dodgers,Colorado Rockies,4,2,2,6,1,0,1,2,1,0,0,0,0,0.304,0.4,0.554,0,0,0
Mookie Betts,605141,2025-04-15,Los Angeles Dodgers,Colorado Rockies,5,0,0,0,0,0,0,0,0,0,0,0,0,0.279,0.371,0.508,0,0,0
Mookie Betts,605141,2025-04-16,Los Angeles Dodgers,Colorado Rockies,3,0,0,0,0,0,0,0,2,0,1,1,0,0.266,0.373,0.484,0,0,0
Mookie Betts,605141,2025-04-18,Los Angeles Dodgers,Texas Rangers,3,0,0,0,0,0,0,0,1,0,1,0,0,0.254,0.367,0.463,0,0,0
Mookie Betts,605141,2025-04-19,Los Angeles Dodgers,Texas Rangers,4,1,1,1,0,0,0,0,0,0,1,0,0,0.254,0.361,0.451,0,0,0
Mookie Betts,605141,2025-04-20,Los Angeles Dodgers,Texas Rangers,3,0,0,0,0,0,0,0,1,0,0,0,0,0.243,0.356,0.432,0,0,0
Mookie Betts,605141,2025-04-22,Los Angeles Dodgers,Chicago Cubs,4,1,0,0,0,0,0,0,1,0,0,0,0,0.231,0.348,0.41,0,0,0
Mookie Betts,605141,2025-04-23,Los Angeles Dodgers,Chicago Cubs,5,1,3,4,1,0,0,1,0,0,0,0,0,0.253,0.361,0.434,0,0,0
Mookie Betts,605141,2025-04-25,Los Angeles Dodgers,Pittsburgh Pirates,4,0,0,0,0,0,0,0,0,0,0,0,0,0.241,0.347,0.414,0,0,0
Mookie Betts,605141,2025-04-26,Los Angeles Dodgers,Pittsburgh Pirates,4,0,0,0,0,0,0,0,1,0,1,0,0,0.231,0.34,0.396,0,0,0
Mookie Betts,605141,2025-04-27,Los Angeles Dodgers,Pittsburgh Pirates,4,1,1,1,0,0,0,1,0,0,0,0,0,0.232,0.333,0.389,0,0,1
Mookie Betts,605141,2025-04-28,Los Angeles Dodgers,Miami Marlins,5,0,1,1,0,0,0,1,0,0,1,0,0,0.23,0.328,0.38,0,0,0
Mookie Betts,605141,2025-04-29,Los Angeles Dodgers,Miami Marlins,4,1,2,2,0,0,0,2,0,0,0,0,0,0.24,0.333,0.385,0,0,0
Mookie Betts,605141,2025-04-30,Los Angeles Dodgers,Miami Marlins,4,2,2,4,0,1,0,4,0,0,0,0,0,0.25,0.339,0.407,0,0,0
Mookie Betts,605141,2025-05-02,Los Angeles Dodgers,Atlanta Braves,4,2,2,5,0,0,1,1,0,0,1,0,0,0.259,0.344,0.438,0,0,0
Mookie Betts,605141,2025-05-03,Los Angeles Dodgers,Atlanta Braves,4,3,2,3,1,0,0,1,1,0,0,0,0,0.267,0.353,0.448,0,0,0
Mookie Betts,605141,2025-05-04,Los Angeles Dodgers,Atlanta Braves,3,1,0,0,0,0,0,0,1,0,1,0,0,0.261,0.35,0.437,0,0,0
Mookie Betts,605141,2025-05-05,Los Angeles Dodgers,Miami Marlins,5,2,2,2,0,0,0,0,0,0,1,0,0,0.266,0.352,0.435,0,0,0
Mookie Betts,605141,2025-05-06,Los Angeles Dodgers,Miami Marlins,1,0,0,0,0,0,0,0,0,0,0,0,0,0.264,0.35,0.432,0,0,0
Mookie Betts,605141,2025-05-07,Los Angeles Dodgers,Miami Marlins,3,1,0,0,0,0,0,1,2,0,1,0,0,0.258,0.351,0.422,0,0,0
Mookie Betts,605141,2025-05-08,Los Angeles Dodgers,Arizona Diamondbacks,5,1,2,2,0,0,0,0,0,0,0,0,0,0.263,0.353,0.421,0,0,0
Mookie Betts,605141,2025-05-09,Los Angeles Dodgers,Arizona Diamondbacks,5,0,2,2,0,0,0,1,0,0,0,1,0,0.268,0.352,0.42,0,0,1
Mookie Betts,605141,2025-05-10,Los Angeles Dodgers,Arizona Diamondbacks,4,0,0,0,0,0,0,0,0,0,1,0,0,0.261,0.344,0.408,0,0,0
Mookie Betts,605141,2025-05-11,Los Angeles Dodgers,Arizona Diamondbacks,5,3,3,6,0,0,1,1,0,0,1,0,0,0.272,0.351,0.435,0,0,0
Mookie Betts,605141,2025-05-13,Los Angeles Dodgers,Athletics,3,0,0,0,0,0,0,1,0,0,0,0,0,0.267,0.345,0.427,0,0,0
Mookie Betts,605141,2025-05-14,Los Angeles Dodgers,Athletics,5,1,1,2,1,0,0,2,0,0,0,0,0,0.265,0.341,0.426,0,0,0
Mookie Betts,605141,2025-05-15,Los Angeles Dodgers,Athletics,1,3,1,1,0,0,0,1,2,0,0,1,0,0.269,0.352,0.429,0,0,0
Blake Snell,605483,2025-03-27,Los Angeles Dodgers,Detroit Tigers,19,2,5,5,0,0,0,0,4,0,2,0,0,0.263,0.375,0.263,0,0,1
Blake Snell,605483,2025-04-02,Los Angeles Dodgers,Atlanta Braves,18,5,5,8,3,0,0,0,4,0,2,0,0,0.27,0.409,0.444,0,0,0
Teoscar Hernández,606192,2025-03-18,Los Angeles Dodgers,Chicago Cubs,4,1,1,1,0,0,0,1,1,0,1,0,0,0.25,0.4,0.25,0,0,0
Teoscar Hernández,606192,2025-03-19,Los Angeles Dodgers,Chicago Cubs,4,0,0,0,0,0,0,0,0,0,1,0,0,0.125,0.222,0.125,0,0,0
Teoscar Hernández,606192,2025-03-27,Los Angeles Dodgers,Detroit Tigers,4,1,1,4,0,0,1,3,0,0,1,0,0,0.167,0.231,0.417,0,0,0
Teoscar Hernández,606192,2025-03-28,Los Angeles Dodgers,Detroit Tigers,3,0,0,0,0,0,0,0,1,0,1,0,0,0.133,0.235,0.333,0,0,0
Teoscar Hernández,606192,2025-03-29,Los Angeles Dodgers,Detroit Tigers,4,0,1,2,1,0,0,2,0,0,1,0,0,0.158,0.238,0.368,0,0,0
Teoscar Hernández,606192,2025-03-31,Los Angeles Dodgers,Atlanta Braves,3,3,2,5,0,0,1,2,1,0,0,0,0,0.227,0.32,0.545,0,0,0
Teoscar Hernández,606192,2025-04-01,Los Angeles Dodgers,Atlanta Braves,4,0,1,1,0,0,0,0,0,0,1,0,0,0.231,0.31,0.5,0,0,0
Teoscar Hernández,606192,2025-04-02,Los Angeles Dodgers,Atlanta Braves,4,0,0,0,0,0,0,0,0,0,3,0,0,0.2,0.273,0.433,0,0,0
Teoscar Hernández,606192,2025-04-04,Los Angeles Dodgers,Philadelphia Phillies,4,0,2,3,1,0,0,0,0,0,1,2,0,0.235,0.297,0.471,0,0,0
Teoscar Hernández,606192,2025-04-05,Los Angeles Dodgers,Philadelphia Phillies,4,0,0,0,0,0,0,0,0,0,0,0,0,0.211,0.268,0.421,0,0,0
Teoscar Hernández,606192,2025-04-06,Los Angeles Dodgers,Philadelphia Phillies,3,2,3,10,1,0,2,5,0,0,0,0,0,0.268,0.311,0.634,0,0,1
Teoscar Hernández,606192,2025-04-07,Los Angeles Dodgers,Washington Nationals,4,0,1,1,0,0,0,0,0,0,0,0,0,0.267,0.306,0.6,0,0,0
Teoscar Hernández,606192,2025-04-08,Los Angeles Dodgers,Washington Nationals,3,0,1,1,0,0,0,0,0,0,0,0,0,0.271,0.308,0.583,0,0,0
Teoscar Hernández,606192,2025-04-09,Los Angeles Dodgers,Washington Nationals,5,1,2,5,0,0,1,3,0,0,0,0,0,0.283,0.316,0.623,0,0,0
Teoscar Hernández,606192,2025-04-11,Los Angeles Dodgers,Chicago Cubs,4,1,1,1,0,0,0,0,0,0,1,0,0,0.281,0.311,0.596,0,0,0
Teoscar Hernández,606192,2025-04-12,Los Angeles Dodgers,Chicago Cubs,3,0,2,2,0,0,0,0,0,0,0,0,0,0.3,0.328,0.6,0,0,0
Teoscar Hernández,606192,2025-04-13,Los Angeles Dodgers,Chicago Cubs,4,0,0,0,0,0,0,0,0,0,2,0,0,0.281,0.309,0.563,0,0,0
Teoscar Hernández,606192,2025-04-16,Los Angeles Dodgers,Colorado Rockies,4,0,0,0,0,0,0,0,0,0,2,0,0,0.265,0.292,0.529,0,0,0
Teoscar Hernández,606192,2025-04-18,Los Angeles Dodgers,Texas Rangers,4,0,1,1,0,0,0,1,0,0,1,0,0,0.264,0.289,0.514,0,0,0
Teoscar Hernández,606192,2025-04-19,Los Angeles Dodgers,Texas Rangers,4,0,0,0,0,0,0,0,0,0,2,0,0,0.25,0.275,0.487,0,0,0
Teoscar Hernández,606192,2025-04-20,Los Angeles Dodgers,Texas Rangers,4,0,1,2,1,0,0,0,0,0,0,0,0,0.25,0.274,0.488,0,0,0
Teoscar Hernández,606192,2025-04-22,Los Angeles Dodgers,Chicago Cubs,5,2,2,3,1,0,0,1,0,0,0,0,0,0.259,0.281,0.494,0,0,0
Teoscar Hernández,606192,2025-04-23,Los Angeles Dodgers,Chicago Cubs,4,1,2,5,0,0,1,4,0,0,1,0,0,0.27,0.29,0.528,0,0,0
Teoscar Hernández,606192,2025-04-25,Los Angeles Dodgers,Pittsburgh Pirates,4,0,1,1,0,0,0,0,0,0,0,0,0,0.269,0.289,0.516,0,0,0
Teoscar Hernández,606192,2025-04-26,Los Angeles Dodgers,Pittsburgh Pirates,5,2,2,6,1,0,1,2,0,0,0,0,0,0.276,0.294,0.551,0,0,0
Teoscar Hernández,606192,2025-04-27,Los Angeles Dodgers,Pittsburgh Pirates,3,1,1,4,0,0,1,1,0,0,0,0,0,0.277,0.295,0.574,0,0,0
Teoscar Hernández,606192,2025-04-28,Los Angeles Dodgers,Miami Marlins,5,1,1,4,0,0,1,2,0,0,2,0,0,0.274,0.291,0.585,0,0,0
Teoscar Hernández,606192,2025-04-29,Los Angeles Dodgers,Miami Marlins,5,2,4,6,2,0,0,4,0,0,1,0,0,0.297,0.313,0.613,0,0,0
Teoscar Hernández,606192,2025-04-30,Los Angeles Dodgers,Miami Marlins,5,1,3,4,1,0,0,1,0,0,0,2,0,0.31,0.325,0.621,0,0,0
Teoscar Hernández,606192,2025-05-02,Los Angeles Dodgers,Atlanta Braves,3,0,0,0,0,0,0,0,1,0,1,0,0,0.303,0.323,0.605,0,0,0
Teoscar Hernández,606192,2025-05-03,Los Angeles Dodgers,Atlanta Braves,5,1,2,2,0,0,0,1,0,0,2,0,0,0.306,0.326,0.597,0,0,0
Teoscar Hernández,606192,2025-05-04,Los Angeles Dodgers,Atlanta Braves,4,1,1,1,0,0,0,0,0,0,0,0,0,0.305,0.323,0.586,0,0,0
Teoscar Hernández,606192,2025-05-05,Los Angeles Dodgers,Miami Marlins,2,0,2,3,1,0,0,1,0,0,0,0,0,0.315,0.333,0.6,0,0,0
Tyler Glasnow,607192,2025-03-31,Los Angeles Dodgers,Atlanta Braves,17,0,2,2,0,0,0,0,3,0,8,0,0,0.118,0.25,0.118,0,0,0
Tyler Glasnow,607192,2025-04-06,Los Angeles Dodgers,Philadelphia Phillies,8,5,2,2,0,0,0,0,5,0,2,0,0,0.16,0.538,0.25,0,0,0
Tyler Glasnow,607192,2025-04-13,Los Angeles Dodgers,Chicago Cubs,21,2,3,9,0,0,2,0,1,0,7,0,0,0.152,0.217,0.429,1,0,0
Tyler Glasnow,607192,2025-04-20,Los Angeles Dodgers,Texas Rangers,15,0,3,3,0,0,0,0,1,0,6,1,0,0.164,0.25,0.2,0,0,0
Tyler Glasnow,607192,2025-04-27,Los Angeles Dodgers,Pittsburgh Pirates,4,2,2,8,0,0,2,0,1,0,0,0,0,0.185,0.6,2.0,0,0,0
Anthony Banda,607455,2025-03-18,Los Angeles Dodgers,Chicago Cubs,3,0,0,0,0,0,0,0,0,0,1,0,0,0.0,0.0,0.0,0,0,0
Anthony Banda,607455,2025-03-28,Los Angeles Dodgers,Detroit Tigers,3,0,0,0,0,0,0,0,0,0,2,0,0,0.0,0.0,0.0,0,0,0
Anthony Banda,607455,2025-03-29,Los Angeles Dodgers,Detroit Tigers,3,0,0,0,0,0,0,0,0,0,2,0,0,0.0,0.0,0.0,0,0,0
Anthony Banda,607455,2025-04-01,Los Angeles Dodgers,Atlanta Braves,4,0,1,2,1,0,0,0,1,0,1,0,0,0.077,0.4,0.5,0,0,0
Anthony Banda,607455,2025-04-05,Los Angeles Dodgers,Philadelphia Phillies,2,0,0,0,0,0,0,0,0,0,0,0,0,0.067,0.0,0.0,0,0,0
Anthony Banda,607455,2025-04-07,Los Angeles Dodgers,Washington Nationals,4,2,3,7,1,0,1,0,0,0,0,1,0,0.211,0.75,1.75,0,0,0
Anthony Banda,607455,2025-04-09,Los Angeles Dodgers,Washington Nationals,3,0,0,0,0,0,0,0,0,0,0,0,0,0.182,0.0,0.0,0,0,0
Anthony Banda,607455,2025-04-14,Los Angeles Dodgers,Colorado Rockies,4,2,2,5,0,0,1,0,1,0,1,0,0,0.231,0.6,1.25,0,0,0
Anthony Banda,607455,2025-04-16,Los Angeles Dodgers,Colorado Rockies,3,0,0,0,0,0,0,0,0,0,1,0,0,0.207,0.0,0.0,0,0,0
Anthony Banda,607455,2025-04-20,Los Angeles Dodgers,Texas Rangers,3,0,1,1,0,0,0,0,0,0,1,0,0,0.219,0.333,0.333,0,0,0
Anthony Banda,607455,2025-04-22,Los Angeles Dodgers,Chicago Cubs,4,0,2,2,0,0,0,0,0,0,0,0,0,0.25,0.5,0.5,0,0,0
Anthony Banda,607455,2025-04-23,Los Angeles Dodgers,Chicago Cubs,3,0,1,1,0,0,0,0,1,0,0,0,0,0.256,0.5,0.333,0,0,0
Anthony Banda,607455,2025-04-28,Los Angeles Dodgers,Miami Marlins,6,2,1,4,0,0,1,0,1,0,0,0,0,0.244,0.286,0.667,0,0,0
Anthony Banda,607455,2025-04-30,Los Angeles Dodgers,Miami Marlins,3,0,0,0,0,0,0,0,0,0,0,0,0,0.229,0.0,0.0,0,0,0
Anthony Banda,607455,2025-05-03,Los Angeles Dodgers,Atlanta Braves,4,0,0,0,0,0,0,0,0,0,1,0,0,0.212,0.0,0.0,0,0,0
Anthony Banda,607455,2025-05-04,Los Angeles Dodgers,Atlanta Braves,4,0,1,1,0,0,0,0,0,0,0,0,1,0.214,0.25,0.25,0,0,0
Anthony Banda,607455,2025-05-06,Los Angeles Dodgers,Miami Marlins,4,0,2,2,0,0,0,0,1,0,1,1,0,0.233,0.6,0.5,0,0,0
Anthony Banda,607455,2025-05-09,Los Angeles Dodgers,Arizona Diamondbacks,8,4,3,6,0,0,1,0,3,1,2,0,0,0.25,0.545,0.75,0,0,0
Anthony Banda,607455,2025-05-13,Los Angeles Dodgers,Athletics,4,0,1,1,0,0,0,0,0,0,1,0,0,0.25,0.4,0.25,1,0,0
Anthony Banda,607455,2025-05-15,Los Angeles Dodgers,Athletics,2,0,0,0,0,0,0,0,1,0,1,0,0,0.243,0.333,0.0,0,0,0
Chris Taylor,621035,2025-03-31,Los Angeles Dodgers,Atlanta Braves,0,0,0,0,0,0,0,0,0,0,0,0,0,0.0,0.0,0.0,0,0,0
Chris Taylor,621035,2025-04-01,Los Angeles Dodgers,Atlanta Braves,3,0,0,0,0,0,0,0,0,0,1,0,0,0.0,0.0,0.0,0,0,0
Chris Taylor,621035,2025-04-04,Los Angeles Dodgers,Philadelphia Phillies,0,0,0,0,0,0,0,0,0,0,0,0,1,0.0,0.0,0.0,0,0,0
Chris Taylor,621035,2025-04-07,Los Angeles Dodgers,Washington Nationals,2,1,1,1,0,0,0,0,0,0,0,0,0,0.2,0.2,0.2,0,0,0
Chris Taylor,621035,2025-04-08,Los Angeles Dodgers,Washington Nationals,2,0,0,0,0,0,0,0,0,0,2,0,0,0.143,0.143,0.143,0,0,0
Chris Taylor,621035,2025-04-11,Los Angeles Dodgers,Chicago Cubs,0,0,0,0,0,0,0,0,0,0,0,0,0,0.143,0.143,0.143,0,0,0
Chris Taylor,621035,2025-04-12,Los Angeles Dodgers,Chicago Cubs,1,0,1,1,0,0,0,0,0,0,0,0,0,0.25,0.25,0.25,0,0,0
Chris Taylor,621035,2025-04-14,Los Angeles Dodgers,Colorado Rockies,0,0,0,0,0,0,0,0,0,0,0,0,0,0.25,0.25,0.25,0,0,0
Chris Taylor,621035,2025-04-15,Los Angeles Dodgers,Colorado Rockies,4,0,1,1,0,0,0,1,0,0,1,0,0,0.25,0.25,0.25,0,0,0
Chris Taylor,621035,2025-04-16,Los Angeles Dodgers,Colorado Rockies,0,0,0,0,0,0,0,0,0,0,0,0,0,0.25,0.25,0.25,0,0,0
Chris Taylor,621035,2025-04-18,Los Angeles Dodgers,Texas Rangers,0,1,0,0,0,0,0,0,0,0,0,0,0,0.25,0.25,0.25,0,0,0
Chris Taylor,621035,2025-04-19,Los Angeles Dodgers,Texas Rangers,0,0,0,0,0,0,0,0,0,0,0,0,0,0.25,0.25,0.25,0,0,0
Chris Taylor,621035,2025-04-20,Los Angeles Dodgers,Texas Rangers,0,0,0,0,0,0,0,0,0,0,0,0,0,0.25,0.25,0.25,0,0,0
Chris Taylor,621035,2025-04-22,Los Angeles Dodgers,Chicago Cubs,0,0,0,0,0,0,0,0,0,0,0,0,0,0.25,0.25,0.25,0,0,0
Chris Taylor,621035,2025-04-27,Los Angeles Dodgers,Pittsburgh Pirates,2,1,1,1,0,0,0,0,0,0,0,0,0,0.286,0.286,0.286,0,0,0
Chris Taylor,621035,2025-04-28,Los Angeles Dodgers,Miami Marlins,0,0,0,0,0,0,0,0,0,0,0,0,0,0.286,0.286,0.286,0,0,0
Chris Taylor,621035,2025-04-29,Los Angeles Dodgers,Miami Marlins,1,0,0,0,0,0,0,0,0,0,0,0,0,0.267,0.267,0.267,0,0,0
Chris Taylor,621035,2025-04-30,Los Angeles Dodgers,Miami Marlins,1,0,0,0,0,0,0,0,0,0,1,0,0,0.25,0.25,0.25,0,0,0
Chris Taylor,621035,2025-05-02,Los Angeles Dodgers,Atlanta Braves,0,0,0,0,0,0,0,0,0,0,0,0,0,0.25,0.25,0.25,0,0,0
Chris Taylor,621035,2025-05-03,Los Angeles Dodgers,Atlanta Braves,4,0,0,0,0,0,0,0,0,0,3,0,0,0.2,0.2,0.2,0,0,0
Chris Taylor,621035,2025-05-05,Los Angeles Dodgers,Miami Marlins,3,0,1,2,1,0,0,1,0,0,1,0,0,0.217,0.217,0.261,0,0,0
Chris Taylor,621035,2025-05-06,Los Angeles Dodgers,Miami Marlins,0,0,0,0,0,0,0,0,0,0,0,0,0,0.217,0.217,0.261,0,0,0
Chris Taylor,621035,2025-05-07,Los Angeles Dodgers,Miami Marlins,1,0,0,0,0,0,0,0,0,0,1,0,0,0.208,0.208,0.25,0,0,0
Chris Taylor,621035,2025-05-09,Los Angeles Dodgers,Arizona Diamondbacks,3,0,1,1,0,0,0,0,0,0,1,0,0,0.222,0.222,0.259,0,0,0
Chris Taylor,621035,2025-05-11,Los Angeles Dodgers,Arizona Diamondbacks,1,0,0,0,0,0,0,0,0,0,0,0,0,0.214,0.214,0.25,0,0,0
Chris Taylor,621035,2025-05-13,Los Angeles Dodgers,Athletics,4,1,1,2,1,0,0,0,0,0,2,0,0,0.219,0.219,0.281,0,0,0
Chris Taylor,621035,2025-05-14,Los Angeles Dodgers,Athletics,0,0,0,0,0,0,0,0,0,0,0,0,0,0.219,0.219,0.281,0,0,0
Chris Taylor,621035,2025-05-15,Los Angeles Dodgers,Athletics,3,0,0,0,0,0,0,0,0,0,0,0,0,0.2,0.2,0.257,0,0,0
Evan Phillips,623465,2025-04-19,Los Angeles Dodgers,Texas Rangers,3,0,1,1,0,0,0,0,0,0,2,0,0,0.333,0.333,0.333,0,0,0
Evan Phillips,623465,2025-04-20,Los Angeles Dodgers,Texas Rangers,1,0,0,0,0,0,0,0,0,0,1,0,0,0.25,0.0,0.0,0,0,0
Evan Phillips,623465,2025-04-23,Los Angeles Dodgers,Chicago Cubs,3,0,1,1,0,0,0,0,1,0,0,1,1,0.286,0.5,0.333,0,0,0
Evan Phillips,623465,2025-04-26,Los Angeles Dodgers,Pittsburgh Pirates,2,0,0,0,0,0,0,0,0,0,1,1,0,0.222,0.0,0.0,0,0,0
Evan Phillips,623465,2025-04-28,Los Angeles Dodgers,Miami Marlins,3,0,0,0,0,0,0,0,0,0,0,0,0,0.167,0.0,0.0,0,0,0
Evan Phillips,623465,2025-05-02,Los Angeles Dodgers,Atlanta Braves,3,0,0,0,0,0,0,0,1,0,2,0,0,0.133,0.25,0.0,0,0,0
Evan Phillips,623465,2025-05-05,Los Angeles Dodgers,Miami Marlins,5,0,2,2,0,0,0,0,0,0,0,0,0,0.2,0.4,0.4,0,0,0
Michael Conforto,624424,2025-03-18,Los Angeles Dodgers,Chicago Cubs,4,0,1,2,1,0,0,0,0,0,1,0,0,0.25,0.25,0.5,0,0,0
Michael Conforto,624424,2025-03-19,Los Angeles Dodgers,Chicago Cubs,3,0,1,1,0,0,0,0,1,0,1,0,0,0.286,0.375,0.429,0,0,0
Michael Conforto,624424,2025-03-28,Los Angeles Dodgers,Detroit Tigers,4,1,1,2,1,0,0,1,0,0,1,0,0,0.273,0.333,0.455,0,0,0
Michael Conforto,624424,2025-03-29,Los Angeles Dodgers,Detroit Tigers,3,1,1,2,1,0,0,1,1,0,1,0,0,0.286,0.375,0.5,0,0,0
Michael Conforto,624424,2025-03-31,Los Angeles Dodgers,Atlanta Braves,3,0,1,2,1,0,0,1,1,0,2,0,0,0.294,0.4,0.529,0,0,0
Michael Conforto,624424,2025-04-02,Los Angeles Dodgers,Atlanta Braves,2,3,2,5,0,0,1,1,2,0,0,0,0,0.368,0.5,0.737,0,0,0
Michael Conforto,624424,2025-04-04,Los Angeles Dodgers,Philadelphia Phillies,3,0,0,0,0,0,0,0,0,0,1,0,0,0.318,0.444,0.636,0,0,0
Michael Conforto,624424,2025-04-05,Los Angeles Dodgers,Philadelphia Phillies,4,1,1,4,0,0,1,1,0,0,0,0,0,0.308,0.419,0.692,0,0,0
Michael Conforto,624424,2025-04-06,Los Angeles Dodgers,Philadelphia Phillies,3,0,0,0,0,0,0,0,0,0,1,0,0,0.276,0.4,0.621,1,0,0
Michael Conforto,624424,2025-04-07,Los Angeles Dodgers,Washington Nationals,1,1,0,0,0,0,0,0,1,0,1,0,0,0.267,0.405,0.6,0,0,0
Michael Conforto,624424,2025-04-08,Los Angeles Dodgers,Washington Nationals,4,0,0,0,0,0,0,0,1,0,3,0,0,0.235,0.381,0.529,0,0,0
Michael Conforto,624424,2025-04-09,Los Angeles Dodgers,Washington Nationals,4,0,0,0,0,0,0,0,0,0,2,0,0,0.211,0.348,0.474,0,0,0
Michael Conforto,624424,2025-04-11,Los Angeles Dodgers,Chicago Cubs,3,0,1,1,0,0,0,0,1,0,1,0,0,0.22,0.36,0.463,0,0,0
Michael Conforto,624424,2025-04-12,Los Angeles Dodgers,Chicago Cubs,4,0,0,0,0,0,0,0,0,0,2,0,0,0.2,0.333,0.422,0,0,0
Michael Conforto,624424,2025-04-13,Los Angeles Dodgers,Chicago Cubs,4,2,2,2,0,0,0,0,0,0,2,0,0,0.224,0.345,0.429,0,0,0
Michael Conforto,624424,2025-04-14,Los Angeles Dodgers,Colorado Rockies,2,0,0,0,0,0,0,0,2,0,0,0,0,0.216,0.355,0.412,0,0,0
Michael Conforto,624424,2025-04-15,Los Angeles Dodgers,Colorado Rockies,2,1,0,0,0,0,0,0,1,0,1,0,0,0.208,0.364,0.396,1,0,0
Michael Conforto,624424,2025-04-16,Los Angeles Dodgers,Colorado Rockies,4,1,1,1,0,0,0,0,0,0,0,0,0,0.211,0.357,0.386,0,0,0
Michael Conforto,624424,2025-04-18,Los Angeles Dodgers,Texas Rangers,3,0,0,0,0,0,0,0,1,0,1,0,0,0.2,0.351,0.367,0,0,0
Michael Conforto,624424,2025-04-19,Los Angeles Dodgers,Texas Rangers,4,1,1,1,0,0,0,0,0,0,0,0,0,0.203,0.346,0.359,0,0,0
Michael Conforto,624424,2025-04-20,Los Angeles Dodgers,Texas Rangers,3,0,0,0,0,0,0,0,1,0,1,0,0,0.194,0.341,0.343,0,0,0
Michael Conforto,624424,2025-04-22,Los Angeles Dodgers,Chicago Cubs,1,0,0,0,0,0,0,0,0,0,0,0,0,0.191,0.337,0.338,0,0,0
Michael Conforto,624424,2025-04-23,Los Angeles Dodgers,Chicago Cubs,3,1,1,1,0,0,0,0,1,0,2,0,0,0.197,0.345,0.338,0,0,0
Michael Conforto,624424,2025-04-25,Los Angeles Dodgers,Pittsburgh Pirates,4,0,0,0,0,0,0,0,0,0,3,0,0,0.187,0.33,0.32,0,0,0
Michael Conforto,624424,2025-04-26,Los Angeles Dodgers,Pittsburgh Pirates,3,0,0,0,0,0,0,0,0,0,1,0,0,0.179,0.319,0.308,0,0,0
Michael Conforto,624424,2025-04-28,Los Angeles Dodgers,Miami Marlins,5,1,0,0,0,0,0,0,0,0,1,0,0,0.169,0.303,0.289,0,0,0
Michael Conforto,624424,2025-04-29,Los Angeles Dodgers,Miami Marlins,4,1,0,0,0,0,0,0,1,0,1,1,0,0.161,0.298,0.276,0,0,0
Michael Conforto,624424,2025-04-30,Los Angeles Dodgers,Miami Marlins,3,1,0,0,0,0,0,0,2,0,1,0,0,0.156,0.303,0.267,0,0,0
Michael Conforto,624424,2025-05-02,Los Angeles Dodgers,Atlanta Braves,2,0,0,0,0,0,0,0,1,0,2,0,0,0.152,0.304,0.261,0,0,0
Michael Conforto,624424,2025-05-03,Los Angeles Dodgers,Atlanta Braves,5,0,0,0,0,0,0,1,0,0,3,0,0,0.144,0.291,0.247,0,0,0
Michael Conforto,624424,2025-05-04,Los Angeles Dodgers,Atlanta Braves,2,0,0,0,0,0,0,0,0,0,2,0,0,0.141,0.286,0.242,0,0,0
Michael Conforto,624424,2025-05-05,Los Angeles Dodgers,Miami Marlins,4,0,1,1,0,0,0,0,0,0,0,0,0,0.146,0.285,0.243,0,0,0
Michael Conforto,624424,2025-05-06,Los Angeles Dodgers,Miami Marlins,3,0,0,0,0,0,0,0,1,0,1,0,0,0.142,0.283,0.236,0,0,0
Michael Conforto,624424,2025-05-07,Los Angeles Dodgers,Miami Marlins,2,0,0,0,0,0,0,0,0,0,1,0,0,0.139,0.279,0.231,0,0,0
Michael Conforto,624424,2025-05-08,Los Angeles Dodgers,Arizona Diamondbacks,3,0,0,0,0,0,0,0,1,0,0,0,0,0.135,0.278,0.225,0,0,0
Michael Conforto,624424,2025-05-09,Los Angeles Dodgers,Arizona Diamondbacks,1,1,0,0,0,0,0,0,0,0,0,0,0,0.134,0.281,0.223,1,0,0
Michael Conforto,624424,2025-05-10,Los Angeles Dodgers,Arizona Diamondbacks,3,0,1,1,0,0,0,0,0,0,1,0,0,0.139,0.283,0.226,0,0,0
Michael Conforto,624424,2025-05-11,Los Angeles Dodgers,Arizona Diamondbacks,3,1,2,3,1,0,0,0,0,0,0,0,0,0.153,0.291,0.246,0,0,0
Michael Conforto,624424,2025-05-13,Los Angeles Dodgers,Athletics,4,0,3,6,3,0,0,0,0,0,1,0,0,0.172,0.303,0.287,0,0,0
Michael Conforto,624424,2025-05-14,Los Angeles Dodgers,Athletics,4,1,1,1,0,0,0,0,0,0,1,0,0,0.175,0.302,0.286,0,0,0
Michael Conforto,624424,2025-05-15,Los Angeles Dodgers,Athletics,5,0,1,2,1,0,0,0,0,0,1,0,0,0.176,0.299,0.29,0,0,0
J.P. Feyereisen,656420,2025-04-19,Arizona Diamondbacks,Chicago Cubs,4,0,1,2,1,0,0,0,0,0,1,0,0,0.25,0.25,0.5,0,0,0
J.P. Feyereisen,656420,2025-04-24,Arizona Diamondbacks,Tampa Bay Rays,5,3,2,6,1,0,1,0,0,0,1,0,0,0.333,0.4,1.2,0,0,0
J.P. Feyereisen,656420,2025-05-06,Los Angeles Dodgers,Miami Marlins,2,1,2,2,0,0,0,0,1,1,0,0,0,0.455,1.0,1.0,0,0,0
J.P. Feyereisen,656420,2025-05-13,Los Angeles Dodgers,Athletics,11,3,6,10,1,0,1,0,0,0,2,0,1,0.5,0.545,0.909,0,0,0
Tanner Scott,656945,2025-03-18,Los Angeles Dodgers,Chicago Cubs,3,0,0,0,0,0,0,0,0,0,1,0,0,0.0,0.0,0.0,0,0,0
Tanner Scott,656945,2025-03-27,Los Angeles Dodgers,Detroit Tigers,3,1,1,3,0,1,0,0,0,0,1,0,0,0.167,0.25,1.0,0,0,1
Tanner Scott,656945,2025-03-28,Los Angeles Dodgers,Detroit Tigers,5,1,3,4,1,0,0,0,0,0,0,0,0,0.364,0.6,0.8,0,0,0
Tanner Scott,656945,2025-03-31,Los Angeles Dodgers,Atlanta Braves,4,1,1,4,0,0,1,0,0,0,2,0,0,0.333,0.25,1.0,0,0,0
Tanner Scott,656945,2025-04-01,Los Angeles Dodgers,Atlanta Braves,3,0,0,0,0,0,0,0,0,0,0,0,0,0.278,0.0,0.0,0,0,0
Tanner Scott,656945,2025-04-05,Los Angeles Dodgers,Philadelphia Phillies,3,0,1,1,0,0,0,0,0,0,0,0,0,0.286,0.333,0.333,0,0,0
Tanner Scott,656945,2025-04-09,Los Angeles Dodgers,Washington Nationals,3,0,0,0,0,0,0,0,0,0,2,0,0,0.25,0.0,0.0,0,0,0
Tanner Scott,656945,2025-04-11,Los Angeles Dodgers,Chicago Cubs,3,0,0,0,0,0,0,0,0,0,0,0,0,0.222,0.0,0.0,0,0,0
Tanner Scott,656945,2025-04-14,Los Angeles Dodgers,Colorado Rockies,5,0,2,2,0,0,0,0,0,0,1,0,0,0.25,0.4,0.4,0,0,0
Tanner Scott,656945,2025-04-16,Los Angeles Dodgers,Colorado Rockies,4,0,1,1,0,0,0,0,0,0,3,0,0,0.25,0.25,0.25,0,0,0
Tanner Scott,656945,2025-04-18,Los Angeles Dodgers,Texas Rangers,4,0,2,2,0,0,0,0,0,0,0,0,0,0.275,0.5,0.5,0,0,0
Tanner Scott,656945,2025-04-20,Los Angeles Dodgers,Texas Rangers,3,0,1,1,0,0,0,0,0,0,0,0,1,0.279,0.333,0.333,0,0,0
Tanner Scott,656945,2025-04-22,Los Angeles Dodgers,Chicago Cubs,4,1,1,4,0,0,1,0,0,0,1,0,0,0.277,0.25,1.0,0,0,0
Tanner Scott,656945,2025-04-26,Los Angeles Dodgers,Pittsburgh Pirates,3,0,0,0,0,0,0,0,0,0,2,0,0,0.26,0.0,0.0,0,0,0
Tanner Scott,656945,2025-04-28,Los Angeles Dodgers,Miami Marlins,3,0,1,1,0,0,0,0,0,0,1,0,0,0.264,0.333,0.333,0,0,0
Tanner Scott,656945,2025-05-02,Los Angeles Dodgers,Atlanta Braves,3,0,0,0,0,0,0,0,0,0,1,0,0,0.25,0.0,0.0,0,0,0
Tanner Scott,656945,2025-05-05,Los Angeles Dodgers,Miami Marlins,2,0,0,0,0,0,0,0,1,0,1,0,0,0.241,0.333,0.0,0,0,0
Tanner Scott,656945,2025-05-06,Los Angeles Dodgers,Miami Marlins,3,0,0,0,0,0,0,0,0,0,1,0,0,0.23,0.0,0.0,0,0,0
Tanner Scott,656945,2025-05-09,Los Angeles Dodgers,Arizona Diamondbacks,3,0,0,0,0,0,0,0,0,0,2,0,0,0.219,0.0,0.0,0,0,0
Tanner Scott,656945,2025-05-11,Los Angeles Dodgers,Arizona Diamondbacks,3,0,0,0,0,0,0,0,0,0,0,0,0,0.209,0.0,0.0,0,0,0
Noah Davis,663562,2025-04-22,Los Angeles Dodgers,Chicago Cubs,1,1,1,1,0,0,0,0,0,0,0,0,0,1.0,1.0,1.0,0,0,0
Noah Davis,663562,2025-04-23,Los Angeles Dodgers,Chicago Cubs,4,3,2,5,0,0,1,0,1,0,1,0,0,0.6,0.6,1.25,0,0,0
Noah Davis,663562,2025-04-25,Los Angeles Dodgers,Pittsburgh Pirates,5,0,0,0,0,0,0,0,1,0,2,1,0,0.3,0.286,0.0,1,0,0
Tony Gonsolin,664062,2025-04-30,Los Angeles Dodgers,Miami Marlins,24,3,6,10,1,0,1,0,0,0,9,0,0,0.25,0.25,0.417,0,0,0
Tony Gonsolin,664062,2025-05-06,Los Angeles Dodgers,Miami Marlins,17,2,4,7,0,0,1,0,2,0,8,1,0,0.244,0.316,0.412,0,1,0
Tony Gonsolin,664062,2025-05-11,Los Angeles Dodgers,Arizona Diamondbacks,17,0,3,4,1,0,0,0,2,0,4,0,1,0.224,0.263,0.235,0,0,0
Dustin May,669160,2025-04-01,Los Angeles Dodgers,Atlanta Braves,15,1,1,1,0,0,0,0,3,0,6,0,0,0.067,0.222,0.067,0,0,0
Dustin May,669160,2025-04-07,Los Angeles Dodgers,Washington Nationals,22,3,3,3,0,0,0,0,3,0,1,2,0,0.108,0.24,0.136,0,0,0
Dustin May,669160,2025-04-14,Los Angeles Dodgers,Colorado Rockies,22,1,3,5,2,0,0,0,0,0,7,0,0,0.119,0.136,0.227,0,0,0
Dustin May,669160,2025-04-22,Los Angeles Dodgers,Chicago Cubs,24,7,10,18,3,1,1,0,3,0,5,3,1,0.205,0.481,0.75,0,0,0
Dustin May,669160,2025-04-28,Los Angeles Dodgers,Miami Marlins,19,3,5,5,0,0,0,0,3,0,3,0,0,0.216,0.364,0.263,0,0,0
Dustin May,669160,2025-05-04,Los Angeles Dodgers,Atlanta Braves,22,4,5,11,0,0,2,0,2,0,6,1,0,0.218,0.32,0.5,1,0,0
Dustin May,669160,2025-05-10,Los Angeles Dodgers,Arizona Diamondbacks,26,2,7,12,0,1,1,0,1,0,5,3,0,0.227,0.296,0.462,0,0,0
Tommy Edman,669242,2025-03-18,Los Angeles Dodgers,Chicago Cubs,5,0,1,1,0,0,0,1,0,0,0,0,0,0.2,0.2,0.2,0,0,0
Tommy Edman,669242,2025-03-19,Los Angeles Dodgers,Chicago Cubs,5,1,1,4,0,0,1,1,0,0,2,0,0,0.2,0.2,0.5,0,0,0
Tommy Edman,669242,2025-03-27,Los Angeles Dodgers,Detroit Tigers,4,1,1,4,0,0,1,1,0,0,1,0,0,0.214,0.214,0.643,0,0,0
Tommy Edman,669242,2025-03-28,Los Angeles Dodgers,Detroit Tigers,4,1,1,1,0,0,0,0,0,0,1,0,0,0.222,0.222,0.556,0,0,0
Tommy Edman,669242,2025-03-29,Los Angeles Dodgers,Detroit Tigers,3,1,1,4,0,0,1,1,0,0,0,0,0,0.238,0.238,0.667,0,0,0
Tommy Edman,669242,2025-03-31,Los Angeles Dodgers,Atlanta Braves,3,0,1,1,0,0,0,1,0,0,0,0,0,0.25,0.24,0.625,0,0,1
Tommy Edman,669242,2025-04-01,Los Angeles Dodgers,Atlanta Braves,4,1,1,1,0,0,0,0,0,0,0,1,0,0.25,0.241,0.571,0,0,0
Tommy Edman,669242,2025-04-02,Los Angeles Dodgers,Atlanta Braves,3,1,2,5,0,0,1,2,1,0,0,0,0,0.29,0.303,0.677,0,0,0
Tommy Edman,669242,2025-04-04,Los Angeles Dodgers,Philadelphia Phillies,4,1,1,4,0,0,1,2,0,0,1,0,0,0.286,0.297,0.714,0,0,0
Tommy Edman,669242,2025-04-05,Los Angeles Dodgers,Philadelphia Phillies,4,0,0,0,0,0,0,0,0,0,0,0,0,0.256,0.268,0.641,0,0,0
Tommy Edman,669242,2025-04-06,Los Angeles Dodgers,Philadelphia Phillies,5,2,1,1,0,0,0,0,0,0,0,0,0,0.25,0.261,0.591,0,0,0
Tommy Edman,669242,2025-04-07,Los Angeles Dodgers,Washington Nationals,4,0,1,1,0,0,0,0,0,0,2,0,0,0.25,0.26,0.563,0,0,0
Tommy Edman,669242,2025-04-08,Los Angeles Dodgers,Washington Nationals,3,0,0,0,0,0,0,0,0,0,1,0,0,0.235,0.245,0.529,0,0,0
Tommy Edman,669242,2025-04-09,Los Angeles Dodgers,Washington Nationals,3,1,2,4,0,1,0,2,1,0,0,0,0,0.259,0.293,0.574,1,0,0
Tommy Edman,669242,2025-04-11,Los Angeles Dodgers,Chicago Cubs,4,1,1,4,0,0,1,3,0,0,0,0,0,0.259,0.29,0.603,0,0,0
Tommy Edman,669242,2025-04-12,Los Angeles Dodgers,Chicago Cubs,3,0,0,0,0,0,0,0,0,0,1,0,0,0.246,0.277,0.574,0,0,0
Tommy Edman,669242,2025-04-13,Los Angeles Dodgers,Chicago Cubs,3,0,1,1,0,0,0,0,1,0,0,0,0,0.25,0.29,0.563,0,0,0
Tommy Edman,669242,2025-04-14,Los Angeles Dodgers,Colorado Rockies,4,0,0,0,0,0,0,0,0,0,1,0,0,0.235,0.274,0.529,0,0,0
Tommy Edman,669242,2025-04-15,Los Angeles Dodgers,Colorado Rockies,5,1,4,6,2,0,0,0,0,0,0,0,0,0.274,0.308,0.575,0,0,0
Tommy Edman,669242,2025-04-16,Los Angeles Dodgers,Colorado Rockies,3,1,0,0,0,0,0,0,0,0,2,0,0,0.263,0.305,0.553,1,0,0
Tommy Edman,669242,2025-04-18,Los Angeles Dodgers,Texas Rangers,4,2,3,6,0,0,1,1,0,0,1,0,1,0.288,0.326,0.6,0,0,0
Tommy Edman,669242,2025-04-19,Los Angeles Dodgers,Texas Rangers,4,0,0,0,0,0,0,0,0,0,1,0,0,0.274,0.311,0.571,0,0,0
Tommy Edman,669242,2025-04-20,Los Angeles Dodgers,Texas Rangers,4,0,0,0,0,0,0,0,0,0,0,0,0,0.261,0.298,0.545,0,0,0
Tommy Edman,669242,2025-04-22,Los Angeles Dodgers,Chicago Cubs,4,1,2,5,0,0,1,4,0,0,0,0,0,0.272,0.303,0.576,0,0,1
Tommy Edman,669242,2025-04-23,Los Angeles Dodgers,Chicago Cubs,4,0,0,0,0,0,0,0,0,0,0,0,0,0.26,0.291,0.552,0,0,0
Tommy Edman,669242,2025-04-25,Los Angeles Dodgers,Pittsburgh Pirates,3,0,0,0,0,0,0,0,1,0,3,0,0,0.253,0.29,0.535,0,0,0
Tommy Edman,669242,2025-04-26,Los Angeles Dodgers,Pittsburgh Pirates,4,1,1,2,1,0,0,0,0,0,0,0,0,0.252,0.288,0.534,0,0,0
Tommy Edman,669242,2025-04-27,Los Angeles Dodgers,Pittsburgh Pirates,4,1,0,0,0,0,0,0,1,0,1,0,0,0.243,0.284,0.514,0,0,0
Tommy Edman,669242,2025-04-28,Los Angeles Dodgers,Miami Marlins,2,0,1,1,0,0,0,2,0,0,0,0,0,0.248,0.288,0.514,0,0,0
Tommy Edman,669242,2025-04-29,Los Angeles Dodgers,Miami Marlins,2,1,1,2,1,0,0,3,1,0,0,1,0,0.252,0.295,0.523,0,0,1
Will Smith,669257,2025-03-18,Los Angeles Dodgers,Chicago Cubs,2,0,1,1,0,0,0,1,3,0,0,0,0,0.5,0.8,0.5,0,0,0
Will Smith,669257,2025-03-19,Los Angeles Dodgers,Chicago Cubs,2,2,1,2,1,0,0,0,2,0,0,0,0,0.5,0.778,0.75,0,0,0
Will Smith,669257,2025-03-27,Los Angeles Dodgers,Detroit Tigers,3,0,1,1,0,0,0,0,0,0,1,0,0,0.429,0.667,0.571,0,0,0
Will Smith,669257,2025-03-28,Los Angeles Dodgers,Detroit Tigers,1,1,1,1,0,0,0,1,0,0,0,0,0,0.5,0.692,0.625,0,0,0
Will Smith,669257,2025-03-29,Los Angeles Dodgers,Detroit Tigers,4,1,1,4,0,0,1,1,0,0,2,0,0,0.417,0.588,0.75,0,0,0
Will Smith,669257,2025-03-31,Los Angeles Dodgers,Atlanta Braves,3,0,2,2,0,0,0,1,1,0,1,0,0,0.467,0.619,0.733,0,0,0
Will Smith,669257,2025-04-01,Los Angeles Dodgers,Atlanta Braves,2,0,1,1,0,0,0,1,0,0,1,1,0,0.471,0.625,0.706,1,0,0
Will Smith,669257,2025-04-02,Los Angeles Dodgers,Atlanta Braves,3,1,1,1,0,0,0,0,1,0,1,0,0,0.45,0.607,0.65,0,0,0
Will Smith,669257,2025-04-04,Los Angeles Dodgers,Philadelphia Phillies,2,0,0,0,0,0,0,0,2,0,1,0,0,0.409,0.594,0.591,0,0,0
Will Smith,669257,2025-04-06,Los Angeles Dodgers,Philadelphia Phillies,4,0,2,3,1,0,0,1,0,0,2,0,0,0.423,0.583,0.615,0,0,0
Will Smith,669257,2025-04-07,Los Angeles Dodgers,Washington Nationals,4,0,1,1,0,0,0,1,0,0,2,0,0,0.4,0.55,0.567,0,0,0
Will Smith,669257,2025-04-09,Los Angeles Dodgers,Washington Nationals,4,0,0,0,0,0,0,0,0,0,1,0,0,0.353,0.5,0.5,0,0,0
Will Smith,669257,2025-04-11,Los Angeles Dodgers,Chicago Cubs,3,0,0,0,0,0,0,0,1,0,1,0,0,0.324,0.479,0.459,0,0,0
Will Smith,669257,2025-04-13,Los Angeles Dodgers,Chicago Cubs,4,0,2,3,1,0,0,0,0,0,0,0,0,0.341,0.481,0.488,0,0,0
Will Smith,669257,2025-04-14,Los Angeles Dodgers,Colorado Rockies,3,0,2,2,0,0,0,2,0,0,0,0,0,0.364,0.482,0.5,0,0,1
Will Smith,669257,2025-04-15,Los Angeles Dodgers,Colorado Rockies,5,1,2,5,0,0,1,3,0,0,1,0,0,0.367,0.475,0.551,0,0,0
Will Smith,669257,2025-04-18,Los Angeles Dodgers,Texas Rangers,3,0,0,0,0,0,0,1,0,0,2,0,0,0.346,0.446,0.519,0,0,1
Will Smith,669257,2025-04-19,Los Angeles Dodgers,Texas Rangers,3,0,0,0,0,0,0,0,1,0,1,0,1,0.327,0.435,0.491,0,0,0
Will Smith,669257,2025-04-20,Los Angeles Dodgers,Texas Rangers,1,1,1,1,0,0,0,0,0,0,0,0,0,0.339,0.443,0.5,0,0,0
Will Smith,669257,2025-04-22,Los Angeles Dodgers,Chicago Cubs,4,1,2,6,1,0,1,2,1,0,0,0,0,0.35,0.453,0.567,0,0,0
Will Smith,669257,2025-04-25,Los Angeles Dodgers,Pittsburgh Pirates,4,0,0,0,0,0,0,0,0,0,2,0,0,0.328,0.43,0.531,0,0,0
Will Smith,669257,2025-04-26,Los Angeles Dodgers,Pittsburgh Pirates,3,1,0,0,0,0,0,0,1,0,1,0,0,0.313,0.422,0.507,0,0,0
Will Smith,669257,2025-04-28,Los Angeles Dodgers,Miami Marlins,4,0,1,1,0,0,0,0,1,0,1,1,0,0.31,0.42,0.493,0,0,0
Will Smith,669257,2025-04-29,Los Angeles Dodgers,Miami Marlins,5,1,2,3,1,0,0,2,1,0,0,0,0,0.316,0.426,0.5,0,0,0
Will Smith,669257,2025-05-02,Los Angeles Dodgers,Atlanta Braves,3,0,1,1,0,0,0,1,0,0,0,0,0,0.316,0.418,0.494,0,0,1
Will Smith,669257,2025-05-03,Los Angeles Dodgers,Atlanta Braves,5,1,2,3,1,0,0,1,0,0,1,0,0,0.321,0.417,0.5,0,0,0
Will Smith,669257,2025-05-04,Los Angeles Dodgers,Atlanta Braves,1,0,0,0,0,0,0,0,0,0,1,0,0,0.318,0.413,0.494,0,0,0
Will Smith,669257,2025-05-05,Los Angeles Dodgers,Miami Marlins,4,0,0,0,0,0,0,0,0,0,2,0,0,0.303,0.398,0.472,0,0,0
Will Smith,669257,2025-05-06,Los Angeles Dodgers,Miami Marlins,5,0,2,3,1,0,0,0,0,0,1,0,0,0.309,0.398,0.479,0,0,0
Will Smith,669257,2025-05-08,Los Angeles Dodgers,Arizona Diamondbacks,3,1,2,2,0,0,0,0,1,0,0,0,0,0.32,0.41,0.485,0,0,0
Will Smith,669257,2025-05-09,Los Angeles Dodgers,Arizona Diamondbacks,3,1,0,0,0,0,0,0,3,0,2,0,0,0.31,0.415,0.47,0,0,0
Will Smith,669257,2025-05-10,Los Angeles Dodgers,Arizona Diamondbacks,1,0,0,0,0,0,0,0,0,0,0,0,0,0.307,0.411,0.465,0,0,0
Will Smith,669257,2025-05-11,Los Angeles Dodgers,Arizona Diamondbacks,4,1,2,3,1,0,0,2,1,0,0,0,1,0.314,0.419,0.476,0,0,0
Will Smith,669257,2025-05-13,Los Angeles Dodgers,Athletics,4,0,3,3,0,0,0,0,0,0,0,0,0,0.33,0.429,0.486,0,0,0
Will Smith,669257,2025-05-14,Los Angeles Dodgers,Athletics,2,0,0,0,0,0,0,0,3,0,0,0,0,0.324,0.435,0.477,0,0,0
Matt Sauer,669422,2025-04-07,Los Angeles Dodgers,Washington Nationals,6,1,3,4,1,0,0,0,0,0,0,0,0,0.5,0.5,0.667,0,0,0
Matt Sauer,669422,2025-04-29,Los Angeles Dodgers,Miami Marlins,19,1,5,5,0,0,0,0,0,0,4,0,0,0.32,0.263,0.263,0,0,0
Matt Sauer,669422,2025-05-07,Los Angeles Dodgers,Miami Marlins,12,1,1,1,0,0,0,0,1,0,4,0,0,0.243,0.143,0.083,0,0,1
Matt Sauer,669422,2025-05-11,Los Angeles Dodgers,Arizona Diamondbacks,3,0,0,0,0,0,0,0,0,0,0,0,0,0.225,0.0,0.0,0,0,0
Matt Sauer,669422,2025-05-15,Los Angeles Dodgers,Athletics,14,2,2,6,1,0,1,0,2,0,2,0,0,0.204,0.25,0.429,0,0,0
Jack Dreyer,676263,2025-03-19,Los Angeles Dodgers,Chicago Cubs,5,1,2,3,1,0,0,0,0,0,1,0,0,0.4,0.4,0.6,0,0,0
Jack Dreyer,676263,2025-03-29,Los Angeles Dodgers,Detroit Tigers,4,0,0,0,0,0,0,0,0,0,1,0,0,0.222,0.0,0.0,0,0,0
Jack Dreyer,676263,2025-03-31,Los Angeles Dodgers,Atlanta Braves,3,0,0,0,0,0,0,0,1,0,1,0,0,0.167,0.25,0.0,0,0,0
Jack Dreyer,676263,2025-04-02,Los Angeles Dodgers,Atlanta Braves,6,0,0,0,0,0,0,0,0,0,1,0,0,0.111,0.0,0.0,0,0,0
Jack Dreyer,676263,2025-04-06,Los Angeles Dodgers,Philadelphia Phillies,7,0,0,0,0,0,0,0,2,0,4,0,0,0.08,0.222,0.0,0,0,0
Jack Dreyer,676263,2025-04-09,Los Angeles Dodgers,Washington Nationals,4,0,0,0,0,0,0,0,1,0,2,0,0,0.069,0.167,0.0,0,0,1
Jack Dreyer,676263,2025-04-13,Los Angeles Dodgers,Chicago Cubs,4,0,1,3,0,1,0,0,0,0,2,0,0,0.091,0.25,0.75,0,0,0
Jack Dreyer,676263,2025-04-15,Los Angeles Dodgers,Colorado Rockies,5,0,0,0,0,0,0,0,1,0,4,0,0,0.079,0.167,0.0,0,0,0
Jack Dreyer,676263,2025-04-19,Los Angeles Dodgers,Texas Rangers,3,0,0,0,0,0,0,0,0,0,0,0,0,0.073,0.0,0.0,0,0,0
Jack Dreyer,676263,2025-04-20,Los Angeles Dodgers,Texas Rangers,2,0,0,0,0,0,0,0,1,0,1,0,0,0.07,0.333,0.0,0,0,0
Jack Dreyer,676263,2025-04-23,Los Angeles Dodgers,Chicago Cubs,4,4,2,2,0,0,0,0,3,0,0,3,0,0.106,0.625,0.5,0,0,1
Jack Dreyer,676263,2025-04-26,Los Angeles Dodgers,Pittsburgh Pirates,4,1,2,2,0,0,0,0,1,0,1,0,0,0.137,0.6,0.5,0,0,0
Jack Dreyer,676263,2025-04-29,Los Angeles Dodgers,Miami Marlins,8,1,2,4,0,1,0,0,0,0,3,1,0,0.153,0.25,0.5,0,0,0
Jack Dreyer,676263,2025-05-04,Los Angeles Dodgers,Atlanta Braves,2,0,1,1,0,0,0,0,0,0,1,0,0,0.164,0.5,0.5,0,0,0
Jack Dreyer,676263,2025-05-05,Los Angeles Dodgers,Miami Marlins,4,0,0,0,0,0,0,0,0,0,0,0,0,0.154,0.0,0.0,0,0,0
Jack Dreyer,676263,2025-05-08,Los Angeles Dodgers,Arizona Diamondbacks,11,0,3,5,2,0,0,0,1,1,1,0,0,0.171,0.333,0.455,0,0,0
Jack Dreyer,676263,2025-05-11,Los Angeles Dodgers,Arizona Diamondbacks,3,0,1,1,0,0,0,0,0,0,2,0,0,0.177,0.333,0.333,0,0,0
Bobby Miller,676272,2025-04-16,Los Angeles Dodgers,Colorado Rockies,17,6,8,15,1,0,2,0,1,0,7,0,0,0.471,0.5,0.882,0,0,0
Hunter Feduccia,676439,2025-04-07,Los Angeles Dodgers,Washington Nationals,1,0,0,0,0,0,0,0,0,0,0,0,0,0.0,0.0,0.0,0,0,0
Hunter Feduccia,676439,2025-04-08,Los Angeles Dodgers,Washington Nationals,1,0,0,0,0,0,0,0,1,0,1,0,0,0.0,0.333,0.0,0,0,0
Ben Casparius,676508,2025-03-18,Los Angeles Dodgers,Chicago Cubs,3,0,0,0,0,0,0,0,0,0,1,0,0,0.0,0.0,0.0,0,0,0
Ben Casparius,676508,2025-03-27,Los Angeles Dodgers,Detroit Tigers,4,0,1,1,0,0,0,0,1,0,1,0,0,0.143,0.4,0.25,0,0,0
Ben Casparius,676508,2025-03-29,Los Angeles Dodgers,Detroit Tigers,3,0,0,0,0,0,0,0,0,0,1,0,0,0.1,0.0,0.0,0,0,0
Ben Casparius,676508,2025-04-02,Los Angeles Dodgers,Atlanta Braves,8,0,2,2,0,0,0,0,1,0,3,0,0,0.167,0.333,0.25,0,0,0
Ben Casparius,676508,2025-04-05,Los Angeles Dodgers,Philadelphia Phillies,6,0,0,0,0,0,0,0,0,0,1,0,0,0.125,0.0,0.0,0,0,0
Ben Casparius,676508,2025-04-08,Los Angeles Dodgers,Washington Nationals,8,0,2,2,0,0,0,0,0,0,2,0,0,0.156,0.25,0.25,0,0,0
Ben Casparius,676508,2025-04-12,Los Angeles Dodgers,Chicago Cubs,11,6,7,11,1,0,1,0,1,0,1,1,0,0.279,0.615,1.0,0,0,1
Ben Casparius,676508,2025-04-16,Los Angeles Dodgers,Colorado Rockies,11,1,2,3,1,0,0,0,0,0,3,0,0,0.259,0.182,0.273,0,0,0
Ben Casparius,676508,2025-04-20,Los Angeles Dodgers,Texas Rangers,5,0,0,0,0,0,0,0,0,0,1,0,0,0.237,0.0,0.0,0,0,0
Ben Casparius,676508,2025-04-23,Los Angeles Dodgers,Chicago Cubs,9,0,1,2,1,0,0,0,0,0,4,0,0,0.221,0.111,0.222,0,0,0
Ben Casparius,676508,2025-04-27,Los Angeles Dodgers,Pittsburgh Pirates,13,0,2,2,0,0,0,0,0,0,5,0,0,0.21,0.154,0.154,0,0,0
Ben Casparius,676508,2025-05-05,Los Angeles Dodgers,Miami Marlins,17,1,5,6,1,0,0,0,2,0,5,1,0,0.224,0.368,0.353,0,0,0
Ben Casparius,676508,2025-05-11,Los Angeles Dodgers,Arizona Diamondbacks,6,1,2,3,1,0,0,0,0,0,1,0,0,0.231,0.333,0.5,0,0,0
Ben Casparius,676508,2025-05-14,Los Angeles Dodgers,Athletics,3,0,0,0,0,0,0,0,0,0,0,0,0,0.224,0.0,0.0,0,0,0
Justin Wrobleski,680736,2025-04-08,Los Angeles Dodgers,Washington Nationals,22,8,8,15,1,0,2,0,3,0,4,1,0,0.364,0.423,0.682,0,0,1
Justin Wrobleski,680736,2025-05-15,Los Angeles Dodgers,Athletics,12,0,1,1,0,0,0,0,0,0,4,0,0,0.265,0.083,0.083,0,0,0
James Outman,681546,2025-05-06,Los Angeles Dodgers,Miami Marlins,3,0,0,0,0,0,0,0,1,0,3,0,0,0.0,0.25,0.0,0,0,0
James Outman,681546,2025-05-07,Los Angeles Dodgers,Miami Marlins,2,2,1,4,0,0,1,3,1,0,1,0,0,0.2,0.429,0.8,0,0,0
James Outman,681546,2025-05-08,Los Angeles Dodgers,Arizona Diamondbacks,2,0,0,0,0,0,0,0,0,0,1,0,0,0.143,0.333,0.571,0,0,0
James Outman,681546,2025-05-09,Los Angeles Dodgers,Arizona Diamondbacks,5,0,0,0,0,0,0,0,0,0,3,0,0,0.083,0.214,0.333,0,0,0
James Outman,681546,2025-05-11,Los Angeles Dodgers,Arizona Diamondbacks,3,0,0,0,0,0,0,0,0,0,2,0,0,0.067,0.176,0.267,0,0,0
James Outman,681546,2025-05-13,Los Angeles Dodgers,Athletics,0,0,0,0,0,0,0,0,0,0,0,0,0,0.067,0.176,0.267,0,0,0
James Outman,681546,2025-05-14,Los Angeles Dodgers,Athletics,2,0,0,0,0,0,0,0,0,0,1,0,0,0.059,0.158,0.235,0,0,0
James Outman,681546,2025-05-15,Los Angeles Dodgers,Athletics,4,3,2,5,0,0,1,1,1,0,1,0,0,0.143,0.25,0.429,0,0,0
Andy Pages,681624,2025-03-18,Los Angeles Dodgers,Chicago Cubs,2,1,0,0,0,0,0,0,2,0,2,0,0,0.0,0.5,0.0,0,0,0
Andy Pages,681624,2025-03-19,Los Angeles Dodgers,Chicago Cubs,3,0,1,2,1,0,0,0,1,0,2,0,0,0.2,0.5,0.4,0,0,0
Andy Pages,681624,2025-03-27,Los Angeles Dodgers,Detroit Tigers,3,0,1,1,0,0,0,0,0,0,1,0,0,0.25,0.455,0.375,0,0,0
Andy Pages,681624,2025-03-28,Los Angeles Dodgers,Detroit Tigers,3,0,0,0,0,0,0,0,0,0,1,0,0,0.182,0.4,0.273,1,0,0
Andy Pages,681624,2025-03-29,Los Angeles Dodgers,Detroit Tigers,4,1,1,1,0,0,0,0,0,0,3,0,0,0.2,0.368,0.267,0,0,0
Andy Pages,681624,2025-03-31,Los Angeles Dodgers,Atlanta Braves,4,0,0,0,0,0,0,0,0,0,0,0,0,0.158,0.304,0.211,0,0,0
Andy Pages,681624,2025-04-01,Los Angeles Dodgers,Atlanta Braves,3,0,0,0,0,0,0,0,0,0,0,0,0,0.136,0.269,0.182,0,0,0
Andy Pages,681624,2025-04-02,Los Angeles Dodgers,Atlanta Braves,3,0,0,0,0,0,0,0,0,0,2,0,0,0.12,0.267,0.16,1,0,0
Andy Pages,681624,2025-04-04,Los Angeles Dodgers,Philadelphia Phillies,2,0,0,0,0,0,0,0,1,0,1,0,1,0.111,0.273,0.148,0,0,0
Andy Pages,681624,2025-04-05,Los Angeles Dodgers,Philadelphia Phillies,3,0,0,0,0,0,0,0,1,0,1,0,0,0.1,0.27,0.133,0,0,0
Andy Pages,681624,2025-04-06,Los Angeles Dodgers,Philadelphia Phillies,4,1,1,1,0,0,0,0,0,0,1,0,0,0.118,0.268,0.147,0,0,0
Andy Pages,681624,2025-04-08,Los Angeles Dodgers,Washington Nationals,3,1,2,5,0,0,1,1,1,0,0,0,0,0.162,0.311,0.27,0,0,0
Andy Pages,681624,2025-04-09,Los Angeles Dodgers,Washington Nationals,4,1,1,4,0,0,1,1,0,0,2,0,0,0.171,0.306,0.341,0,0,0
Andy Pages,681624,2025-04-11,Los Angeles Dodgers,Chicago Cubs,3,0,0,0,0,0,0,0,0,0,2,0,0,0.159,0.288,0.318,0,0,0
Andy Pages,681624,2025-04-12,Los Angeles Dodgers,Chicago Cubs,3,0,0,0,0,0,0,0,0,0,1,0,0,0.149,0.273,0.298,0,0,0
Andy Pages,681624,2025-04-14,Los Angeles Dodgers,Colorado Rockies,4,0,0,0,0,0,0,0,0,0,0,0,0,0.137,0.254,0.275,0,0,0
Andy Pages,681624,2025-04-15,Los Angeles Dodgers,Colorado Rockies,2,0,1,1,0,0,0,0,1,0,0,0,0,0.151,0.286,0.283,1,0,0
Andy Pages,681624,2025-04-16,Los Angeles Dodgers,Colorado Rockies,4,1,2,2,0,0,0,3,0,0,1,0,0,0.175,0.299,0.298,0,0,0
Andy Pages,681624,2025-04-18,Los Angeles Dodgers,Texas Rangers,3,0,0,0,0,0,0,0,0,0,1,0,0,0.167,0.286,0.283,0,0,0
Andy Pages,681624,2025-04-19,Los Angeles Dodgers,Texas Rangers,3,0,0,0,0,0,0,0,0,0,1,0,0,0.159,0.274,0.27,0,0,0
Andy Pages,681624,2025-04-22,Los Angeles Dodgers,Chicago Cubs,4,2,2,5,0,0,1,1,0,0,1,0,0,0.179,0.286,0.328,0,0,0
Andy Pages,681624,2025-04-23,Los Angeles Dodgers,Chicago Cubs,4,1,1,4,0,0,1,1,0,0,0,0,0,0.183,0.284,0.366,0,0,0
Andy Pages,681624,2025-04-25,Los Angeles Dodgers,Pittsburgh Pirates,3,0,3,5,2,0,0,0,0,0,0,0,0,0.216,0.31,0.419,0,0,0
Andy Pages,681624,2025-04-26,Los Angeles Dodgers,Pittsburgh Pirates,4,1,3,4,1,0,0,0,0,0,0,1,0,0.244,0.33,0.449,0,0,0
Andy Pages,681624,2025-04-27,Los Angeles Dodgers,Pittsburgh Pirates,5,1,4,7,0,0,1,4,0,0,0,0,0,0.277,0.355,0.506,0,0,0
Andy Pages,681624,2025-04-28,Los Angeles Dodgers,Miami Marlins,4,2,1,1,0,0,0,0,1,0,1,1,0,0.276,0.357,0.494,0,0,0
Andy Pages,681624,2025-04-29,Los Angeles Dodgers,Miami Marlins,5,2,3,6,0,0,1,2,0,0,0,1,0,0.293,0.369,0.533,0,0,0
Andy Pages,681624,2025-04-30,Los Angeles Dodgers,Miami Marlins,4,0,1,1,0,0,0,1,1,0,2,0,0,0.292,0.37,0.521,0,0,0
Andy Pages,681624,2025-05-02,Los Angeles Dodgers,Atlanta Braves,3,0,0,0,0,0,0,0,0,0,1,0,0,0.283,0.36,0.505,0,0,0
Andy Pages,681624,2025-05-03,Los Angeles Dodgers,Atlanta Braves,5,0,0,0,0,0,0,0,0,0,2,0,0,0.269,0.345,0.481,0,0,0
Andy Pages,681624,2025-05-04,Los Angeles Dodgers,Atlanta Braves,4,0,1,1,0,0,0,0,0,0,1,0,0,0.269,0.342,0.472,0,0,0
Andy Pages,681624,2025-05-05,Los Angeles Dodgers,Miami Marlins,4,1,2,4,0,1,0,0,0,0,0,0,0,0.277,0.347,0.491,0,0,0
Andy Pages,681624,2025-05-06,Los Angeles Dodgers,Miami Marlins,5,1,1,2,1,0,0,0,0,0,0,0,0,0.274,0.341,0.487,0,0,0
Andy Pages,681624,2025-05-07,Los Angeles Dodgers,Miami Marlins,5,1,2,2,0,0,0,1,0,0,1,0,0,0.279,0.343,0.484,0,0,0
Andy Pages,681624,2025-05-08,Los Angeles Dodgers,Arizona Diamondbacks,4,0,1,1,0,0,0,1,0,0,2,0,0,0.278,0.341,0.476,0,0,0
Andy Pages,681624,2025-05-09,Los Angeles Dodgers,Arizona Diamondbacks,5,2,2,3,1,0,0,3,0,0,1,0,0,0.282,0.343,0.481,0,0,0
Andy Pages,681624,2025-05-10,Los Angeles Dodgers,Arizona Diamondbacks,4,0,1,1,0,0,0,0,0,0,1,1,0,0.281,0.34,0.474,0,0,0
Andy Pages,681624,2025-05-11,Los Angeles Dodgers,Arizona Diamondbacks,5,0,2,2,0,0,0,1,0,0,1,1,0,0.286,0.342,0.471,0,0,0
Andy Pages,681624,2025-05-13,Los Angeles Dodgers,Athletics,4,0,0,0,0,0,0,0,0,0,1,0,0,0.278,0.333,0.458,0,0,0
Andy Pages,681624,2025-05-14,Los Angeles Dodgers,Athletics,4,1,3,6,0,0,1,1,1,0,1,0,0,0.291,0.348,0.486,0,0,0
Andy Pages,681624,2025-05-15,Los Angeles Dodgers,Athletics,3,1,1,4,0,0,1,3,0,0,0,0,0,0.291,0.348,0.503,0,0,0
Alex Vesia,681911,2025-03-19,Los Angeles Dodgers,Chicago Cubs,4,0,1,2,1,0,0,0,1,0,1,0,0,0.25,0.4,0.5,0,0,0
Alex Vesia,681911,2025-03-27,Los Angeles Dodgers,Detroit Tigers,4,1,1,4,0,0,1,0,0,0,3,0,0,0.25,0.25,1.0,0,0,0
Alex Vesia,681911,2025-03-28,Los Angeles Dodgers,Detroit Tigers,4,0,1,2,1,0,0,0,2,0,2,0,0,0.25,0.5,0.5,0,0,0
Alex Vesia,681911,2025-03-31,Los Angeles Dodgers,Atlanta Braves,3,0,0,0,0,0,0,0,0,0,1,0,0,0.2,0.0,0.0,0,0,0
Alex Vesia,681911,2025-04-01,Los Angeles Dodgers,Atlanta Braves,3,0,0,0,0,0,0,0,0,0,2,0,0,0.167,0.0,0.0,0,0,0
Alex Vesia,681911,2025-04-05,Los Angeles Dodgers,Philadelphia Phillies,3,0,0,0,0,0,0,0,0,0,3,0,0,0.143,0.25,0.0,1,0,0
Alex Vesia,681911,2025-04-06,Los Angeles Dodgers,Philadelphia Phillies,5,1,2,5,0,0,1,0,0,0,0,0,0,0.192,0.4,1.0,0,0,0
Alex Vesia,681911,2025-04-09,Los Angeles Dodgers,Washington Nationals,2,0,0,0,0,0,0,0,1,0,1,0,1,0.179,0.333,0.0,0,0,0
Alex Vesia,681911,2025-04-13,Los Angeles Dodgers,Chicago Cubs,4,1,2,3,1,0,0,0,1,0,1,0,1,0.219,0.6,0.75,0,0,0
Alex Vesia,681911,2025-04-15,Los Angeles Dodgers,Colorado Rockies,2,0,0,0,0,0,0,0,1,0,0,0,0,0.206,0.333,0.0,0,0,0
Alex Vesia,681911,2025-04-16,Los Angeles Dodgers,Colorado Rockies,3,0,0,0,0,0,0,0,0,0,2,0,0,0.189,0.0,0.0,0,0,0
Alex Vesia,681911,2025-04-19,Los Angeles Dodgers,Texas Rangers,1,0,0,0,0,0,0,0,0,0,1,0,0,0.184,0.0,0.0,0,0,0
Alex Vesia,681911,2025-04-22,Los Angeles Dodgers,Chicago Cubs,4,2,2,5,0,0,1,0,0,0,2,0,0,0.214,0.5,1.25,0,0,0
Alex Vesia,681911,2025-04-25,Los Angeles Dodgers,Pittsburgh Pirates,3,0,1,1,0,0,0,0,0,0,0,0,1,0.222,0.333,0.333,0,0,0
Alex Vesia,681911,2025-04-27,Los Angeles Dodgers,Pittsburgh Pirates,3,0,1,1,0,0,0,0,0,0,2,1,0,0.229,0.333,0.333,0,0,0
Alex Vesia,681911,2025-04-30,Los Angeles Dodgers,Miami Marlins,3,0,0,0,0,0,0,0,0,0,2,0,0,0.216,0.0,0.0,0,0,0
Alex Vesia,681911,2025-05-03,Los Angeles Dodgers,Atlanta Braves,4,0,1,1,0,0,0,0,0,0,0,0,0,0.218,0.25,0.25,0,0,0
Alex Vesia,681911,2025-05-05,Los Angeles Dodgers,Miami Marlins,2,0,0,0,0,0,0,0,0,0,1,0,0,0.211,0.0,0.0,0,0,0
Alex Vesia,681911,2025-05-06,Los Angeles Dodgers,Miami Marlins,3,0,0,0,0,0,0,0,1,0,3,1,0,0.2,0.25,0.0,0,0,0
Alex Vesia,681911,2025-05-09,Los Angeles Dodgers,Arizona Diamondbacks,5,2,2,8,0,0,2,0,0,0,1,0,0,0.215,0.4,1.6,0,0,0
Alex Vesia,681911,2025-05-10,Los Angeles Dodgers,Arizona Diamondbacks,1,0,0,0,0,0,0,0,0,0,1,0,0,0.212,0.0,0.0,0,0,0
Alex Vesia,681911,2025-05-14,Los Angeles Dodgers,Athletics,3,0,0,0,0,0,0,0,0,0,1,0,0,0.203,0.0,0.0,0,0,0
Dalton Rushing,687221,2025-05-15,Los Angeles Dodgers,Athletics,4,3,2,2,0,0,0,0,1,0,1,0,0,0.5,0.6,0.5,0,0,0
Landon Knack,689017,2025-03-19,Los Angeles Dodgers,Chicago Cubs,7,0,1,1,0,0,0,0,0,0,3,0,0,0.143,0.143,0.143,0,0,0
Landon Knack,689017,2025-04-09,Los Angeles Dodgers,Washington Nationals,10,5,4,8,1,0,1,0,4,0,2,0,0,0.294,0.533,0.8,0,0,1
Landon Knack,689017,2025-04-15,Los Angeles Dodgers,Colorado Rockies,17,2,4,6,2,0,0,0,2,0,2,0,0,0.265,0.316,0.353,0,0,0
Landon Knack,689017,2025-05-07,Los Angeles Dodgers,Miami Marlins,19,0,4,5,1,0,0,0,1,0,5,0,0,0.245,0.25,0.263,0,0,0
Landon Knack,689017,2025-05-13,Los Angeles Dodgers,Athletics,20,5,7,14,1,0,2,0,1,0,8,0,0,0.274,0.381,0.7,0,0,0
Roki Sasaki,808963,2025-03-19,Los Angeles Dodgers,Chicago Cubs,9,1,1,1,0,0,0,0,5,0,3,2,0,0.111,0.429,0.111,0,0,0
Roki Sasaki,808963,2025-03-29,Los Angeles Dodgers,Detroit Tigers,8,2,3,3,0,0,0,0,4,0,2,0,0,0.235,0.583,0.375,0,0,0
Roki Sasaki,808963,2025-04-05,Los Angeles Dodgers,Philadelphia Phillies,15,1,3,3,0,0,0,0,2,0,4,1,0,0.219,0.294,0.2,0,0,0
Roki Sasaki,808963,2025-04-12,Los Angeles Dodgers,Chicago Cubs,19,1,4,7,0,0,1,0,2,0,3,0,0,0.216,0.286,0.368,0,0,0
Roki Sasaki,808963,2025-04-19,Los Angeles Dodgers,Texas Rangers,19,2,2,5,0,0,1,0,3,0,4,0,0,0.186,0.227,0.263,0,0,0
Roki Sasaki,808963,2025-04-26,Los Angeles Dodgers,Pittsburgh Pirates,21,3,5,9,1,0,1,0,2,0,4,0,0,0.198,0.333,0.429,1,0,0
Roki Sasaki,808963,2025-05-03,Los Angeles Dodgers,Atlanta Braves,21,3,6,12,1,1,1,0,2,0,4,1,0,0.214,0.375,0.571,1,0,0
Roki Sasaki,808963,2025-05-09,Los Angeles Dodgers,Arizona Diamondbacks,17,5,5,13,2,0,2,0,2,0,0,0,0,0.225,0.4,0.765,1,0,0
Yoshinobu Yamamoto,808967,2025-03-18,Los Angeles Dodgers,Chicago Cubs,18,1,3,4,1,0,0,0,1,0,4,0,0,0.167,0.211,0.222,0,0,0
Yoshinobu Yamamoto,808967,2025-03-28,Los Angeles Dodgers,Detroit Tigers,20,2,5,11,0,0,2,0,2,0,10,1,0,0.211,0.318,0.55,0,0,0
Yoshinobu Yamamoto,808967,2025-04-04,Los Angeles Dodgers,Philadelphia Phillies,19,1,3,4,1,0,0,0,3,0,5,1,0,0.193,0.273,0.211,0,0,0
Yoshinobu Yamamoto,808967,2025-04-11,Los Angeles Dodgers,Chicago Cubs,19,0,2,3,1,0,0,0,1,0,9,0,0,0.171,0.15,0.158,0,0,0
Yoshinobu Yamamoto,808967,2025-04-18,Los Angeles Dodgers,Texas Rangers,25,0,5,8,3,0,0,0,0,0,10,0,1,0.178,0.2,0.32,0,0,0
Yoshinobu Yamamoto,808967,2025-04-25,Los Angeles Dodgers,Pittsburgh Pirates,20,3,5,5,0,0,0,0,4,0,5,1,0,0.19,0.375,0.25,0,0,0
Yoshinobu Yamamoto,808967,2025-05-02,Los Angeles Dodgers,Atlanta Braves,19,0,1,2,1,0,0,0,2,0,6,0,0,0.171,0.143,0.105,0,0,0
Yoshinobu Yamamoto,808967,2025-05-08,Los Angeles Dodgers,Arizona Diamondbacks,20,5,6,12,0,0,2,0,1,0,4,0,0,0.188,0.364,0.6,1,0,0
Yoshinobu Yamamoto,808967,2025-05-14,Los Angeles Dodgers,Athletics,22,3,4,8,1,0,1,0,2,0,6,1,0,0.187,0.25,0.364,0,0,0
Hyeseong Kim,808975,2025-05-03,Los Angeles Dodgers,Atlanta Braves,0,0,0,0,0,0,0,0,0,0,0,0,0,0.0,0.0,0.0,0,0,0
Hyeseong Kim,808975,2025-05-04,Los Angeles Dodgers,Atlanta Braves,0,0,0,0,0,0,0,0,0,0,0,1,0,0.0,0.0,0.0,0,0,0
Hyeseong Kim,808975,2025-05-05,Los Angeles Dodgers,Miami Marlins,4,1,2,2,0,0,0,1,0,0,0,1,0,0.5,0.5,0.5,0,0,0
Hyeseong Kim,808975,2025-05-06,Los Angeles Dodgers,Miami Marlins,4,1,1,1,0,0,0,0,0,0,1,0,0,0.375,0.375,0.375,0,0,0
Hyeseong Kim,808975,2025-05-07,Los Angeles Dodgers,Miami Marlins,4,1,2,2,0,0,0,1,0,0,0,0,0,0.417,0.417,0.417,0,0,0
Hyeseong Kim,808975,2025-05-08,Los Angeles Dodgers,Arizona Diamondbacks,4,0,0,0,0,0,0,0,0,0,3,0,0,0.313,0.313,0.313,0,0,0
Hyeseong Kim,808975,2025-05-09,Los Angeles Dodgers,Arizona Diamondbacks,0,1,0,0,0,0,0,0,0,0,0,0,0,0.313,0.313,0.313,0,0,0
Hyeseong Kim,808975,2025-05-10,Los Angeles Dodgers,Arizona Diamondbacks,3,0,1,1,0,0,0,0,0,0,0,0,0,0.316,0.316,0.316,0,0,0
Hyeseong Kim,808975,2025-05-11,Los Angeles Dodgers,Arizona Diamondbacks,3,0,1,1,0,0,0,0,0,0,1,0,0,0.318,0.318,0.318,0,0,0
Hyeseong Kim,808975,2025-05-13,Los Angeles Dodgers,Athletics,1,0,0,0,0,0,0,0,0,0,0,0,0,0.304,0.304,0.304,0,0,0
Hyeseong Kim,808975,2025-05-14,Los Angeles Dodgers,Athletics,2,1,2,5,0,0,1,1,0,0,0,0,0,0.36,0.36,0.48,0,0,0
Hyeseong Kim,808975,2025-05-15,Los Angeles Dodgers,Athletics,3,4,3,4,1,0,0,2,2,0,0,1,0,0.429,0.467,0.571,0,0,0
